symbol,name,industry,close,dayChangePct,volume,volRatio,sma50,smaLong,at20DayHigh,trendUp,trendSkipped,score,vix,employees
SMXT,Solarmax Technology Inc. Common Stock,Consumer Discretionary,4.39,28.36,1159115,8.18,2.45,1.12,true,true,false,44.71,15.22,79
PENG,Penguin Solutions Inc. Common Stock,Technology,72.61,13.08,21012121,9.53,55.85,40.11,true,true,false,32.15,15.22,2900
RELL,Richardson Electronics Ltd. Common Stock,Technology,20,4.99,1451561,8.97,17.99,14.92,true,true,false,22.92,15.22,429
NWE,NorthWestern Energy Group Inc. Common Stock,Utilities,73.97,7.33,1793616,4.94,70.16,69.51,true,true,false,17.21,15.22,1667
VALU,Value Line Inc. Common Stock,Finance,44.44,8.39,8764,3.79,38.51,36.67,true,true,false,15.98,15.22,106
VNCE,Vince Holding Corp. Common Stock,Consumer Discretionary,13.36,9.15,664949,2.61,7.83,4.94,true,true,false,14.37,15.22,558
BRZE,Braze Inc. Class A Common Stock,Technology,28.46,8.05,4046064,2.19,27.89,23.9,true,true,false,12.43,15.22,1988
IDAI,T Stamp Inc. Class A Common Stock,Technology,3.45,4.23,94169,3.28,2.99,2.76,true,true,false,10.79,15.22,75
UVE,UNIVERSAL INSURANCE HOLDINGS INC Common Stock,Finance,45.25,4,383025,2.63,43.28,37.46,true,true,false,9.25,15.22,929
APOG,Apogee Enterprises Inc. Common Stock,Consumer Discretionary,41.11,2.77,606865,2.96,39.27,37.89,true,true,false,8.69,15.22,4100
MSGE,Madison Square Garden Entertainment Corp. Class A Common Stock,Consumer Discretionary,82,2.51,1071900,2.94,79.53,68.3,true,true,false,8.4,15.22,6260
NECB,NorthEast Community Bancorp Inc. Common Stock,Finance,27.33,2.05,75191,2.4,26.76,24.99,true,true,false,6.86,15.22,143
GCT,GigaCloud Technology Inc Class A Ordinary Shares,Consumer Discretionary,55.96,2.19,1004351,1.83,50.91,42.63,true,true,false,5.84,15.22,1644
KSS,Kohl's Corporation Common Stock,Consumer Discretionary,20.12,2.5,5036385,1.65,18.2,16.66,true,true,false,5.79,15.22,84000
HPE,Hewlett Packard Enterprise Company Common Stock,Technology,72.09,2.28,25720326,1.75,57.32,37.32,true,true,false,5.79,15.22,67000
HSTM,HealthStream Inc. Common Stock,Technology,32.1,2.52,228420,1.56,29.2,24.48,true,true,false,5.64,15.22,1160
