runDate,forDate,rank,symbol,name,industry,close,prob,todayRet,r5,big20,sinceBig,tight10,volr,dry5,uptick,runup,mcap,avgVol20
2026-09-30,2026-10-01,1,DFNS,T3 Defense Inc. Common Stock,Consumer Discretionary,6.74,1,-13.48,-0.178,0.0836,16,0.2389,0.63,0.22,0.53,96.258,19143595,283231
2026-09-30,2026-10-01,2,OPI,Office Properties Income Trust Common shares of beneficial interest,Finance,15.95,1,-3.92,-0.1004,0.064,6,0.1116,1.03,0.697,0.37,78.75,350159553,63025
2026-09-30,2026-10-01,3,KITT,Nauticus Robotics Inc. Common stock,Industrials,1.86,1,-19.83,2.018,3.7202,1,0.9831,0.43,7.917,8.07,2.784,2316308,719188
2026-09-30,2026-10-01,4,GLND,Greenland Energy Company Common Stock,Energy,4.75,0.9999,-14.26,0.6493,1.4,5,0.9137,0.7,6.315,0.55,3.185,207718422,30171108
2026-09-30,2026-10-01,5,GLNDW,Greenland Energy Company Warrant,Energy,1.12,0.9997,-27.27,0.3494,1.8621,5,1.1161,1.15,4.575,0.7,2.862,48977817,572850
2026-09-30,2026-10-01,6,JUNS,Jupiter Neurosciences Inc. Common Stock,Health Care,2.58,0.9988,-3.37,-0.101,0.0463,19,0.1977,0.39,0.076,1.02,33.354,3401784,39682
2026-09-30,2026-10-01,7,QNCX,Quince Therapeutics Inc. Common Stock,Health Care,31.17,0.9981,0.55,0.0055,0.0914,6,0.1392,1.54,0.645,0.71,32.858,31701854,14206
2026-09-30,2026-10-01,8,JAGX,Jaguar Health Inc. Common Stock,Health Care,5.32,0.998,-30.91,0.9925,11.9064,4,6.0116,0.14,9.747,3,1.147,6819383,6737917
2026-09-30,2026-10-01,9,CXAI,CXApp Inc. Class A Common Stock,Technology,2.53,0.998,1.4,0.008,0.074,18,0.0474,0.9,0.21,0.79,27.427,5913637,56660
2026-09-30,2026-10-01,10,GRML,Greenland Mines Ltd. Common Stock,Health Care,10.375,0.9958,-29.23,0.1014,2.3053,5,1.1605,0.17,4.632,0.08,2.64,138476495,47524892
2026-09-30,2026-10-01,11,WFCF,Where Food Comes From Inc. Common Stock,Technology,10.9,0.9897,1,-0.01,0.181,19,0.2118,17.69,5.075,71.21,0.01,54278327,10768
2026-09-30,2026-10-01,12,AVAT,Avalanche Treasury Corporation Class A Common Stock,Finance,1.9,0.9891,3.26,0.016,0.7315,5,0.7321,1.05,2.073,0.39,4.938,83068844,1983552
2026-09-30,2026-10-01,13,NCPL,Netcapital Inc. Common Stock,Finance,1.22,0.984,-10.29,0.2079,0.3636,5,0.7721,1.66,1.083,0.68,4.351,9574437,22037227
2026-09-30,2026-10-01,14,AIXC,AIxCrypto Holdings Inc. Common Stock,Finance,1.66,0.9799,-4.05,0.4955,0.3681,11,0.4887,2.68,0.526,3.09,1.511,35040747,378574
2026-09-30,2026-10-01,15,SRFM,Surf Air Mobility Inc. Common Stock,Consumer Discretionary,1.2,0.9768,8.11,0.7905,0.2777,7,0.5867,0.82,2.239,0.42,1.555,148373092,6237602
2026-09-30,2026-10-01,16,AEMD,Aethlon Medical Inc. Common Stock,Health Care,6.38,0.9725,1.59,0.0095,3.7413,7,0.8433,0.01,0.068,0,8.537,10234126,4878535
2026-09-30,2026-10-01,17,ONFO,Onfolio Holdings Inc. Common Stock,Technology,1.03,0.97,13.19,0.2485,0.1319,0,0.215,9.98,0.032,18.01,0.274,2574225,210278
2026-09-30,2026-10-01,18,APH,Amphenol Corporation Common Stock,Technology,84.34,0.9685,0.3,0.0448,0.0409,5,0.0839,1.37,1.226,0.87,0.092,207979649527,7770375
2026-09-30,2026-10-01,19,VEEA,Veea Inc. Common Stock,Technology,2.5,0.9674,-18.83,-0.3113,2.1316,10,1.546,0.02,0.288,0.02,0.52,7776770,9362225
2026-09-30,2026-10-01,20,EEIQ,EpicQuest Education Group International Limited Common Stock,Real Estate,5.6,0.9658,16.18,0.4433,0.1756,1,0.3554,3.44,2.315,6.16,1.424,9221089,15117
2026-09-30,2026-10-01,21,BENF,Beneficient Class A Common Stock,Finance,1.41,0.9606,-3.42,1.5314,4.3873,3,1.675,0.05,5.277,0.03,1.619,21792568,33060471
2026-09-30,2026-10-01,22,FCUV,Focus Universal Inc. Common Stock,Industrials,4.76,0.9578,5.31,-0.0063,0.4516,18,0.1702,0.09,0.182,0.23,1.559,4674377,146236
2026-09-30,2026-10-01,23,DAIC,CID HoldCo Inc. Common Stock,Technology,2.82,0.9559,-11.88,-0.2167,1.6368,7,1.1667,0.32,0.142,0.09,5.714,6592503,6984409
2026-09-30,2026-10-01,24,FFAI,Faraday Future Intelligent Electric Inc. Class A Common Stock,Industrials,1.3,0.9557,-19.25,-0.2025,0.229,1,0.3615,5.74,4.516,14.7,8.587,7965099,2649794
2026-09-30,2026-10-01,25,DNA,Ginkgo Bioworks Holdings Inc. Class A Common Stock,Health Care,11.96,0.9531,12.2,0.4987,0.1946,2,0.4097,3.75,2.764,3.23,0.832,769509713,1264824
