date,rank,symbol,name,industry,close,prob,todayRetPct,fwdRetPct,hit
2026-04-08,1,BKNG,Booking Holdings Inc. Common Stock,Consumer Discretionary,173.41,1,-1.58,4.38,
2026-04-08,2,ELAB,PMGC Holdings Inc. Common Stock,Health Care,37.6672,1,-10.16,30.43,HIT
2026-04-08,3,BNAI,Brand Engagement Network Inc. Common Stock,Technology,42.89,1,-2.57,-5.2,
2026-04-08,4,LPCN,Lipocine Inc. Common Stock,Health Care,2,1,3.09,6.5,
2026-04-08,5,PFSA,Profusa Inc. Common Stock,Health Care,30.8114,0.9999,-32.43,-2.4,
2026-04-09,1,BKNG,Booking Holdings Inc. Common Stock,Consumer Discretionary,181,1,4.38,-2.43,
2026-04-09,2,LPCN,Lipocine Inc. Common Stock,Health Care,2.13,0.9999,6.5,-1.88,
2026-04-09,3,FCUV,Focus Universal Inc. Common Stock,Industrials,11.2721,0.9999,-12.85,-16.11,
2026-04-09,4,QNCX,Quince Therapeutics Inc. Common Stock,Health Care,1.8941,0.9999,12.33,-32.44,
2026-04-09,5,BNAI,Brand Engagement Network Inc. Common Stock,Technology,40.66,0.9997,-5.2,4.72,
2026-04-10,1,BKNG,Booking Holdings Inc. Common Stock,Consumer Discretionary,176.6,1,-2.43,-1.78,
2026-04-10,2,CYCN,Cyclerion Therapeutics Inc. Common Stock,Health Care,3.16,1,9.34,-7.91,
2026-04-10,3,INHD,Inno Holdings Inc. Common Stock,Industrials,4.3611,1,-31.86,2.73,
2026-04-10,4,UGRO,urban-gro Inc. Common Stock,Consumer Discretionary,15.48,1,-16.64,6.85,
2026-04-10,5,LPCN,Lipocine Inc. Common Stock,Health Care,2.09,1,-1.88,5.26,
2026-04-13,1,BKNG,Booking Holdings Inc. Common Stock,Consumer Discretionary,173.46,1,-1.78,2.18,
2026-04-13,2,AFJK,Aimei Health Technology Co. Ltd Ordinary Share,Uncategorized,56,1,-17.48,-27.86,
2026-04-13,3,INHD,Inno Holdings Inc. Common Stock,Industrials,4.48,1,2.73,0.51,
2026-04-13,4,BBGI,Beasley Broadcast Group Inc. Class A Common Stock,Consumer Discretionary,11.76,1,6.72,-11.56,
2026-04-13,5,CYCN,Cyclerion Therapeutics Inc. Common Stock,Health Care,2.91,0.9999,-7.91,-0.69,
2026-04-14,1,BKNG,Booking Holdings Inc. Common Stock,Consumer Discretionary,177.25,1,2.18,2.18,
2026-04-14,2,REPL,Replimune Group Inc. Common Stock,Health Care,1.7,1,-64.29,14.71,
2026-04-14,3,INHD,Inno Holdings Inc. Common Stock,Industrials,4.5029,1,0.51,-2.54,
2026-04-14,4,PFSA,Profusa Inc. Common Stock,Health Care,17.8755,0.9999,-16.16,-4.18,
2026-04-14,5,FCUV,Focus Universal Inc. Common Stock,Industrials,11.1008,0.9999,5.54,-18.21,
2026-04-15,1,BKNG,Booking Holdings Inc. Common Stock,Consumer Discretionary,181.12,1,2.18,2.52,
2026-04-15,2,RMSG,Real Messenger Corporation Ordinary Shares,Technology,2.4,1,-11.11,-25.42,
2026-04-15,3,ELAB,PMGC Holdings Inc. Common Stock,Health Care,47.821,1,-13.78,-4.11,
2026-04-15,4,INHD,Inno Holdings Inc. Common Stock,Industrials,4.3886,1,-2.54,-1.09,
2026-04-15,5,PFSA,Profusa Inc. Common Stock,Health Care,17.1287,0.9999,-4.18,-4.59,
2026-04-16,1,BKNG,Booking Holdings Inc. Common Stock,Consumer Discretionary,185.69,1,2.52,-0.61,
2026-04-16,2,CTNT,Cheetah Net Supply Chain Service Inc Class A Common Stock,Consumer Discretionary,24.4791,1,-89.84,-5.8,
2026-04-16,3,ELAB,PMGC Holdings Inc. Common Stock,Health Care,45.8557,1,-4.11,-9.29,
2026-04-16,4,RMSG,Real Messenger Corporation Ordinary Shares,Technology,1.79,1,-25.42,42.46,HIT
2026-04-16,5,RVMDW,Revolution Medicines Inc. Warrant,Health Care,5.95,1,9.78,-7.39,
2026-04-17,1,BKNG,Booking Holdings Inc. Common Stock,Consumer Discretionary,184.56,1,-0.61,4.04,
2026-04-17,2,BIRD,Smartbird Inc. Class A Common Stock,Consumer Discretionary,10.91,1,-35.79,-1.01,
2026-04-17,3,ELAB,PMGC Holdings Inc. Common Stock,Health Care,41.5977,1,-9.29,-13.91,
2026-04-17,4,CYCN,Cyclerion Therapeutics Inc. Common Stock,Health Care,2.98,1,-1.65,1.34,
2026-04-17,5,SNAL,Snail Inc. Class A Common Stock,Technology,3.7815,1,-12.65,8.55,
2026-04-20,1,CTNT,Cheetah Net Supply Chain Service Inc Class A Common Stock,Consumer Discretionary,13.6664,1,-40.73,-42.5,
2026-04-20,2,NMTC,NeuroOne Medical Technologies Corporation Common Stock,Health Care,4.84,1,5.91,2.89,
2026-04-20,3,SNAL,Snail Inc. Class A Common Stock,Technology,4.1049,1,8.55,0.24,
2026-04-20,4,BIRD,Smartbird Inc. Class A Common Stock,Consumer Discretionary,10.8,1,-1.01,2.04,
2026-04-20,5,ASBP,Aspire-Lakewood Holdings Inc. Common Stock,Health Care,8.0473,0.9999,-10.1,-2.89,
2026-04-21,1,CTNT,Cheetah Net Supply Chain Service Inc Class A Common Stock,Consumer Discretionary,7.8586,1,-42.5,-18.8,
2026-04-21,2,SNAL,Snail Inc. Class A Common Stock,Technology,4.1149,1,0.24,-8.31,
2026-04-21,3,EFOI,Energy Focus Inc. Common Stock,Consumer Discretionary,5.44,1,-16.18,-16.73,
2026-04-21,4,ASBP,Aspire-Lakewood Holdings Inc. Common Stock,Health Care,7.8145,1,-2.89,-24.86,
2026-04-21,5,PFSA,Profusa Inc. Common Stock,Health Care,16.1452,0.9998,-5.35,-5.39,
2026-04-22,1,CTNT,Cheetah Net Supply Chain Service Inc Class A Common Stock,Consumer Discretionary,6.3815,1,-18.8,-10.11,
2026-04-22,2,BIRD,Smartbird Inc. Class A Common Stock,Consumer Discretionary,8.5,1,-22.87,-0.82,
2026-04-22,3,SNAL,Snail Inc. Class A Common Stock,Technology,3.7731,1,-8.31,1.33,
2026-04-22,4,NMTC,NeuroOne Medical Technologies Corporation Common Stock,Health Care,5.05,1,1.41,1.19,
2026-04-22,5,UGRO,urban-gro Inc. Common Stock,Consumer Discretionary,9.98,1,-3.95,-4.61,
2026-04-23,1,CTNT,Cheetah Net Supply Chain Service Inc Class A Common Stock,Consumer Discretionary,5.7362,1,-10.11,-17.25,
2026-04-23,2,BIRD,Smartbird Inc. Class A Common Stock,Consumer Discretionary,8.43,1,-0.82,-4.98,
2026-04-23,3,SNAL,Snail Inc. Class A Common Stock,Technology,3.8233,1,1.33,-10.87,
2026-04-23,4,UGRO,urban-gro Inc. Common Stock,Consumer Discretionary,9.52,1,-4.61,-2.42,
2026-04-23,5,DAVEW,Dave Inc. Warrants,Finance,1.06,1,6,1.89,
2026-04-24,1,CTNT,Cheetah Net Supply Chain Service Inc Class A Common Stock,Consumer Discretionary,4.7467,1,-17.25,28.4,HIT
2026-04-24,2,BIRD,Smartbird Inc. Class A Common Stock,Consumer Discretionary,8.01,1,-4.98,-12.36,
2026-04-24,3,SNAL,Snail Inc. Class A Common Stock,Technology,3.4078,1,-10.87,-8.64,
2026-04-24,4,ATIIW,Archimedes Tech SPAC Partners II Co. Warrant,Finance,1.1799,0.9999,-1.68,0.01,
2026-04-24,5,NMTC,NeuroOne Medical Technologies Corporation Common Stock,Health Care,4.75,0.9999,-7.05,0.21,
2026-04-27,1,BIRD,Smartbird Inc. Class A Common Stock,Consumer Discretionary,7.02,1,-12.36,-4.56,
2026-04-27,2,SKLZ,Skillz Inc. Class A Common Stock,Technology,7.91,1,-36.47,-19.6,
2026-04-27,3,SNAL,Snail Inc. Class A Common Stock,Technology,3.1133,1,-8.64,-1.39,
2026-04-27,4,TRT,Trio-Tech International Common Stock,Technology,16.52,0.9999,19.88,-14.47,
2026-04-27,5,EDSA,Edesa Biotech Inc. Common Shares,Health Care,7.26,0.9998,7.08,53.86,HIT
2026-04-28,1,CTNT,Cheetah Net Supply Chain Service Inc Class A Common Stock,Consumer Discretionary,4.0153,1,-34.12,-16.07,
2026-04-28,2,BIRD,Smartbird Inc. Class A Common Stock,Consumer Discretionary,6.7,1,-4.56,3.88,
2026-04-28,3,RMSG,Real Messenger Corporation Ordinary Shares,Technology,1.42,1,-22.83,2.11,
2026-04-28,4,SKLZ,Skillz Inc. Class A Common Stock,Technology,6.36,1,-19.6,-0.16,
2026-04-28,5,SNAL,Snail Inc. Class A Common Stock,Technology,3.07,1,-1.39,3.7,
2026-04-29,1,RMSG,Real Messenger Corporation Ordinary Shares,Technology,1.45,1,2.11,-4.83,
2026-04-29,2,BIRD,Smartbird Inc. Class A Common Stock,Consumer Discretionary,6.96,1,3.88,-3.16,
2026-04-29,3,CTNT,Cheetah Net Supply Chain Service Inc Class A Common Stock,Consumer Discretionary,3.37,1,-16.07,0,
2026-04-29,4,SNAL,Snail Inc. Class A Common Stock,Technology,3.1834,1,3.7,1.28,
2026-04-29,5,SKLZ,Skillz Inc. Class A Common Stock,Technology,6.35,1,-0.16,-8.98,
2026-04-30,1,EDSA,Edesa Biotech Inc. Common Shares,Health Care,15.9,1,11.5,14.94,
2026-04-30,2,BIRD,Smartbird Inc. Class A Common Stock,Consumer Discretionary,6.74,1,-3.16,-3.56,
2026-04-30,3,RMSG,Real Messenger Corporation Ordinary Shares,Technology,1.38,1,-4.83,12.32,
2026-04-30,4,CTNT,Cheetah Net Supply Chain Service Inc Class A Common Stock,Consumer Discretionary,3.37,1,0,-3.56,
2026-04-30,5,SKLZ,Skillz Inc. Class A Common Stock,Technology,5.78,1,-8.98,39.45,HIT
2026-05-01,1,EDSA,Edesa Biotech Inc. Common Shares,Health Care,18.275,1,14.94,-3.75,
2026-05-01,2,BIRD,Smartbird Inc. Class A Common Stock,Consumer Discretionary,6.5,1,-3.56,-0.62,
2026-05-01,3,RMSG,Real Messenger Corporation Ordinary Shares,Technology,1.55,1,12.32,-9.68,
2026-05-01,4,NMTC,NeuroOne Medical Technologies Corporation Common Stock,Health Care,4.7,1,0,-7.45,
2026-05-01,5,SNAL,Snail Inc. Class A Common Stock,Technology,3.2392,1,0.46,-3.26,
2026-05-04,1,EDSA,Edesa Biotech Inc. Common Shares,Health Care,17.59,1,-3.75,-8.41,
2026-05-04,2,BIRD,Smartbird Inc. Class A Common Stock,Consumer Discretionary,6.46,1,-0.62,-9.29,
2026-05-04,3,NMTC,NeuroOne Medical Technologies Corporation Common Stock,Health Care,4.35,1,-7.45,3.22,
2026-05-04,4,RMSG,Real Messenger Corporation Ordinary Shares,Technology,1.4,1,-9.68,-2.86,
2026-05-04,5,SKLZ,Skillz Inc. Class A Common Stock,Technology,7.66,1,-4.96,-11.23,
2026-05-05,1,EDSA,Edesa Biotech Inc. Common Shares,Health Care,16.11,1,-8.41,-4.07,
2026-05-05,2,BIRD,Smartbird Inc. Class A Common Stock,Consumer Discretionary,5.86,1,-9.29,-4.1,
2026-05-05,3,NMTC,NeuroOne Medical Technologies Corporation Common Stock,Health Care,4.49,1,3.22,-1.34,
2026-05-05,4,RMSG,Real Messenger Corporation Ordinary Shares,Technology,1.36,1,-2.86,2.21,
2026-05-05,5,SNAL,Snail Inc. Class A Common Stock,Technology,2.9357,1,-6.32,-1.93,
2026-05-06,1,EDSA,Edesa Biotech Inc. Common Shares,Health Care,15.455,1,-4.07,-3.01,
2026-05-06,2,CNSP,CNS Pharmaceuticals Inc. Common Stock,Health Care,7.15,1,-8.8,-3.5,
2026-05-06,3,SOWG,Sow Good Inc. Common Stock,Consumer Staples,1.385,0.9975,-21.31,-18.41,
2026-05-06,4,WYY,WidePoint Corporation Common Stock,Technology,9.6,0.9974,8.47,-15,
2026-05-06,5,BIRD,Smartbird Inc. Class A Common Stock,Consumer Discretionary,5.62,0.9969,-4.1,8.19,
2026-05-07,1,EDSA,Edesa Biotech Inc. Common Shares,Health Care,14.99,1,-3.01,16.28,
2026-05-07,2,GDC,GD Culture Group Limited Common Stock,Industrials,259.4622,0.9996,-79.3,-87.82,
2026-05-07,3,CNSP,CNS Pharmaceuticals Inc. Common Stock,Health Care,6.9,0.9996,-3.5,2.9,
2026-05-07,4,DRCT,Direct Digital Holdings Inc. Class A Common Stock,Consumer Discretionary,6.51,0.9994,19.67,-27.04,
2026-05-07,5,REPL,Replimune Group Inc. Common Stock,Health Care,3.44,0.9991,19.86,-2.91,
2026-05-08,1,EDSA,Edesa Biotech Inc. Common Shares,Health Care,17.43,1,16.28,-6.48,
2026-05-08,2,GDC,GD Culture Group Limited Common Stock,Industrials,31.5958,1,-87.82,5.96,
2026-05-08,3,ATIIW,Archimedes Tech SPAC Partners II Co. Warrant,Finance,1.85,0.9998,3.93,1.08,
2026-05-08,4,SKLZ,Skillz Inc. Class A Common Stock,Technology,6.92,0.9995,8.98,-3.61,
2026-05-08,5,REPL,Replimune Group Inc. Common Stock,Health Care,3.34,0.9988,-2.91,21.86,HIT
2026-05-11,1,EDSA,Edesa Biotech Inc. Common Shares,Health Care,16.3,1,-6.48,-6.26,
2026-05-11,2,AGL,agilon health inc. Common Stock,Health Care,54.23,0.9999,-10.6,9.92,
2026-05-11,3,ATIIW,Archimedes Tech SPAC Partners II Co. Warrant,Finance,1.87,0.9983,1.08,9.63,
2026-05-11,4,SOBR,SOBR Safe Inc. Common Stock,Consumer Discretionary,1.62,0.9971,-10,-4.94,
2026-05-11,5,SKLZ,Skillz Inc. Class A Common Stock,Technology,6.67,0.9961,-3.61,-4.35,
2026-05-12,1,BNZI,Banzai International Inc. Class A Common Stock,Technology,6.52,1,7.06,-26.23,
2026-05-12,2,GDC,GD Culture Group Limited Common Stock,Industrials,30.9681,1,-7.5,-4.86,
2026-05-12,3,OLOX,Olenox Industries Inc. Common Stock,Consumer Discretionary,4.74,1,4.64,-4.85,
2026-05-12,4,EDSA,Edesa Biotech Inc. Common Shares,Health Care,15.28,1,-6.26,-13.15,
2026-05-12,5,RXT,Rackspace Technology Inc. Common Stock,Technology,4.69,1,-14.57,34.97,HIT
2026-05-13,1,GDC,GD Culture Group Limited Common Stock,Industrials,29.4615,1,-4.86,10.09,
2026-05-13,2,EDSA,Edesa Biotech Inc. Common Shares,Health Care,13.27,1,-13.15,14.85,
2026-05-13,3,OLOX,Olenox Industries Inc. Common Stock,Consumer Discretionary,4.51,1,-4.85,4.66,
2026-05-13,4,PCTTW,PureCycle Technologies Inc. Warrant,Industrials,2.41,1,-8.71,6.64,
2026-05-13,5,BNZI,Banzai International Inc. Class A Common Stock,Technology,4.81,1,-26.23,4.99,
2026-05-14,1,GDC,GD Culture Group Limited Common Stock,Industrials,32.4328,1,10.09,-8.39,
2026-05-14,2,EDSA,Edesa Biotech Inc. Common Shares,Health Care,15.24,1,14.85,-4.13,
2026-05-14,3,PCTTW,PureCycle Technologies Inc. Warrant,Industrials,2.57,1,6.64,31.32,HIT
2026-05-14,4,AGL,agilon health inc. Common Stock,Health Care,72.01,0.9999,3.55,9,
2026-05-14,5,OLOX,Olenox Industries Inc. Common Stock,Consumer Discretionary,4.72,0.9996,4.66,7.2,
2026-05-15,1,GDC,GD Culture Group Limited Common Stock,Industrials,29.7126,1,-8.39,3.8,
2026-05-15,2,EDSA,Edesa Biotech Inc. Common Shares,Health Care,14.61,1,-4.13,-10.68,
2026-05-15,3,AGL,agilon health inc. Common Stock,Health Care,78.49,1,9,4.13,
2026-05-15,4,FCUV,Focus Universal Inc. Common Stock,Industrials,2.4603,0.9995,-10.35,17.39,
2026-05-15,5,PIII,P3 Health Partners Inc. Class A Common Stock,Health Care,4.03,0.9986,12.89,180.15,HIT
2026-05-18,1,GDC,GD Culture Group Limited Common Stock,Industrials,30.8425,1,3.8,-2.31,
2026-05-18,2,PCTTW,PureCycle Technologies Inc. Warrant,Industrials,3.5,1,3.7,25.71,HIT
2026-05-18,3,EDSA,Edesa Biotech Inc. Common Shares,Health Care,13.05,1,-10.68,-31.03,
2026-05-18,4,AGL,agilon health inc. Common Stock,Health Care,81.73,1,4.13,6.2,
2026-05-18,5,ORGN,Origin Materials Inc. Common Stock,Industrials,1.43,0.9995,16.26,6.99,
2026-05-19,1,GDC,GD Culture Group Limited Common Stock,Industrials,30.1311,1,-2.31,-2.43,
2026-05-19,2,HCWB,HCW Biologics Inc. Common Stock,Health Care,7.6331,1,9.84,-20.9,
2026-05-19,3,PIII,P3 Health Partners Inc. Class A Common Stock,Health Care,9.17,1,-18.78,14.39,
2026-05-19,4,EDSA,Edesa Biotech Inc. Common Shares,Health Care,9,1,-31.03,32.78,HIT
2026-05-19,5,AGL,agilon health inc. Common Stock,Health Care,86.8,1,6.2,1.61,
2026-05-20,1,YYAI,AiRWA Inc. Common Stock,Technology,263.0018,1,6.94,-10.92,
2026-05-20,2,PCTTW,PureCycle Technologies Inc. Warrant,Industrials,4.72,1,7.27,-4.66,
2026-05-20,3,EZRA,Reliance Global Group Inc. Common Stock,Finance,3.86,1,-15.35,1.04,
2026-05-20,4,FRGT,Freight Technologies Inc. Ordinary Shares,Industrials,3.24,1,10.2,23.46,HIT
2026-05-20,5,HCWB,HCW Biologics Inc. Common Stock,Health Care,6.0381,1,-20.9,129.25,HIT
2026-05-21,1,AMPGR,Amplitech Group Inc. Series A Right,Telecommunications,1.2759,1,12,54.95,HIT
2026-05-21,2,YYAI,AiRWA Inc. Common Stock,Technology,234.2832,1,-10.92,3.96,
2026-05-21,3,EZRA,Reliance Global Group Inc. Common Stock,Finance,3.9,1,1.04,-2.05,
2026-05-21,4,EDSA,Edesa Biotech Inc. Common Shares,Health Care,10.93,0.9999,-8.54,-0.55,
2026-05-21,5,AGL,agilon health inc. Common Stock,Health Care,80.94,0.9998,-8.23,-0.46,
2026-05-22,1,PCTTW,PureCycle Technologies Inc. Warrant,Industrials,4,1,-11.11,-6.75,
2026-05-22,2,YYAI,AiRWA Inc. Common Stock,Technology,243.5681,1,3.96,-0.71,
2026-05-22,3,HCWB,HCW Biologics Inc. Common Stock,Health Care,14.6966,1,6.17,12.02,
2026-05-22,4,FRGT,Freight Technologies Inc. Ordinary Shares,Industrials,3.79,1,-5.25,4.22,
2026-05-22,5,AGL,agilon health inc. Common Stock,Health Care,80.57,1,-0.46,7.22,
2026-05-25,1,BNZI,Banzai International Inc. Class A Common Stock,Technology,3.45,1,-0.86,18.26,
2026-05-25,2,FRGT,Freight Technologies Inc. Ordinary Shares,Industrials,3.95,1,4.22,-6.58,
2026-05-25,3,OLOX,Olenox Industries Inc. Common Stock,Consumer Discretionary,4.9,1,-1.41,0,
2026-05-25,4,AGL,agilon health inc. Common Stock,Health Care,86.39,1,7.22,-1.3,
2026-05-25,5,HCWB,HCW Biologics Inc. Common Stock,Health Care,16.4624,1,12.02,-9.34,
2026-05-27,1,BNZI,Banzai International Inc. Class A Common Stock,Technology,4.08,1,18.26,-16.67,
2026-05-27,2,OLOX,Olenox Industries Inc. Common Stock,Consumer Discretionary,4.9,1,0,-0.2,
2026-05-27,3,AGL,agilon health inc. Common Stock,Health Care,85.27,1,-1.3,5.82,
2026-05-27,4,GENVR,Gen Digital Inc. Contingent Value Rights,Technology,1.56,0.9999,2.64,11.22,
2026-05-27,5,FRGT,Freight Technologies Inc. Ordinary Shares,Industrials,3.69,0.9999,-6.58,32.52,HIT
2026-05-28,1,PRTS,CarParts.com Inc. Common Stock,Consumer Discretionary,5.95,1,0.68,-2.35,
2026-05-28,2,BNZI,Banzai International Inc. Class A Common Stock,Technology,3.4,1,-16.67,1.76,
2026-05-28,3,AMPGR,Amplitech Group Inc. Series A Right,Telecommunications,1.7089,1,-14.58,-2.67,
2026-05-28,4,CODX,Co-Diagnostics Inc. Common Stock,Health Care,7.3,1,-19.87,53.29,HIT
2026-05-28,5,OLOX,Olenox Industries Inc. Common Stock,Consumer Discretionary,4.89,1,-0.2,0.61,
2026-05-29,1,TDACW,Translational Development Acquisition Corp. Warrants,Uncategorized,1.05,1,2.94,0.95,
2026-05-29,2,BNZI,Banzai International Inc. Class A Common Stock,Technology,3.46,1,1.76,12.14,
2026-05-29,3,OLOX,Olenox Industries Inc. Common Stock,Consumer Discretionary,4.92,1,0.61,78.25,HIT
2026-05-29,4,MNTS,Momentus Inc. Class A Common Stock,Industrials,19.4,1,-0.51,-13.14,
2026-05-29,5,NHICW,NewHold Investment Corp III Warrants,Uncategorized,2.3068,1,2.52,15.31,
2026-06-01,1,BNZI,Banzai International Inc. Class A Common Stock,Technology,3.88,1,12.14,-9.28,
2026-06-01,2,TDACW,Translational Development Acquisition Corp. Warrants,Uncategorized,1.06,1,0.95,22.64,HIT
2026-06-01,3,AMPGR,Amplitech Group Inc. Series A Right,Telecommunications,1.2589,1,-24.32,80.63,HIT
2026-06-01,4,NHICW,NewHold Investment Corp III Warrants,Uncategorized,2.6599,1,15.31,1.88,
2026-06-01,5,AGL,agilon health inc. Common Stock,Health Care,92.28,1,2.11,0.28,
2026-06-02,1,OLOX,Olenox Industries Inc. Common Stock,Consumer Discretionary,9.62,1,9.69,3.22,
2026-06-02,2,BNZI,Banzai International Inc. Class A Common Stock,Technology,3.52,1,-9.28,-5.97,
2026-06-02,3,AGL,agilon health inc. Common Stock,Health Care,92.54,1,0.28,-6.26,
2026-06-02,4,HCWB,HCW Biologics Inc. Common Stock,Health Care,11.7914,1,4.55,-13.53,
2026-06-02,5,NHICW,NewHold Investment Corp III Warrants,Uncategorized,2.71,1,1.88,-2.21,
2026-06-03,1,EZRA,Reliance Global Group Inc. Common Stock,Finance,3.9,1,-5.11,-4.87,
2026-06-03,2,AMPGR,Amplitech Group Inc. Series A Right,Telecommunications,1.9369,1,-14.82,3.52,
2026-06-03,3,TBH,Brag House Holdings Inc. Common Stock,Consumer Discretionary,5.03,1,0.4,-1.39,
2026-06-03,4,YYAI,AiRWA Inc. Common Stock,Technology,212.2584,1,-12.58,-7.93,
2026-06-03,5,OLOX,Olenox Industries Inc. Common Stock,Consumer Discretionary,9.93,1,3.22,-15.21,
2026-06-04,1,AMPGR,Amplitech Group Inc. Series A Right,Telecommunications,2.0051,1,3.52,45.45,HIT
2026-06-04,2,EZRA,Reliance Global Group Inc. Common Stock,Finance,3.71,1,-4.87,1.08,
2026-06-04,3,PRHI,Presurance Holdings Inc. Common Stock,Finance,5.8,1,1.58,-1.9,
2026-06-04,4,YYAI,AiRWA Inc. Common Stock,Technology,195.4159,1,-7.93,-7.85,
2026-06-04,5,TBH,Brag House Holdings Inc. Common Stock,Consumer Discretionary,4.96,1,-1.39,-2.62,
2026-06-05,1,EZRA,Reliance Global Group Inc. Common Stock,Finance,3.75,1,1.08,-5.2,
2026-06-05,2,YYAI,AiRWA Inc. Common Stock,Technology,180.085,1,-7.85,-6.95,
2026-06-05,3,TBH,Brag House Holdings Inc. Common Stock,Consumer Discretionary,4.83,1,-2.62,-12.01,
2026-06-05,4,PW,Power REIT (MD) Common Stock,Real Estate,9.52,1,2.92,-6.72,
2026-06-05,5,PRHI,Presurance Holdings Inc. Common Stock,Finance,5.69,1,-1.9,-6.5,
2026-06-08,1,AMPGR,Amplitech Group Inc. Series A Right,Telecommunications,1.8,1,-38.28,0,
2026-06-08,2,EZRA,Reliance Global Group Inc. Common Stock,Finance,3.555,1,-5.2,3.8,
2026-06-08,3,YYAI,AiRWA Inc. Common Stock,Technology,167.5611,1,-6.95,5.67,
2026-06-08,4,SDOT,Sadot Group Inc. Common Stock,Consumer Discretionary,51.8674,1,6.77,69.11,HIT
2026-06-08,5,TBH,Brag House Holdings Inc. Common Stock,Consumer Discretionary,4.25,1,-12.01,-1.18,
2026-06-09,1,AMPGR,Amplitech Group Inc. Series A Right,Telecommunications,1.8,1,0,15.56,
2026-06-09,2,EZRA,Reliance Global Group Inc. Common Stock,Finance,3.69,1,3.8,-1.63,
2026-06-09,3,CETX,Cemtrex Inc. Common Stock,Technology,5.24,1,-5.07,-8.4,
2026-06-09,4,YYAI,AiRWA Inc. Common Stock,Technology,177.0619,1,5.67,9.88,
2026-06-09,5,OLOX,Olenox Industries Inc. Common Stock,Consumer Discretionary,7.97,1,5.28,-1.63,
2026-06-10,1,AMPGZ,Amplitech Group Inc. Series B Right,Telecommunications,1.8701,1,13.34,37.43,HIT
2026-06-10,2,AMPGR,Amplitech Group Inc. Series A Right,Telecommunications,2.08,1,15.56,34.13,HIT
2026-06-10,3,FEMY,Femasys Inc. Common Stock,Health Care,5.25,1,-2.6,-9.9,
2026-06-10,4,EZRA,Reliance Global Group Inc. Common Stock,Finance,3.63,1,-1.63,-4.13,
2026-06-10,5,CDLX,Cardlytics Inc. Common Stock,Technology,4.76,1,-8.46,1.47,
2026-06-11,1,OPAD,Offerpad Solutions Inc. Class A Common Stock,Finance,4.83,1,-5.11,4.97,
2026-06-11,2,EZRA,Reliance Global Group Inc. Common Stock,Finance,3.48,1,-4.13,5.17,
2026-06-11,3,YYAI,AiRWA Inc. Common Stock,Technology,187.3186,1,-3.72,1.79,
2026-06-11,4,BNZI,Banzai International Inc. Class A Common Stock,Technology,3.21,1,3.22,-5.92,
2026-06-11,5,OLOX,Olenox Industries Inc. Common Stock,Consumer Discretionary,7.31,1,-6.76,-8.34,
2026-06-12,1,AMPGZ,Amplitech Group Inc. Series B Right,Telecommunications,3,1,16.73,-4.5,
2026-06-12,2,EZRA,Reliance Global Group Inc. Common Stock,Finance,3.66,1,5.17,-3.28,
2026-06-12,3,YYAI,AiRWA Inc. Common Stock,Technology,190.6655,1,1.79,-8.38,
2026-06-12,4,BNZI,Banzai International Inc. Class A Common Stock,Technology,3.02,1,-5.92,-7.95,
2026-06-12,5,OPAD,Offerpad Solutions Inc. Class A Common Stock,Finance,5.07,1,4.97,-2.37,
2026-06-15,1,AMPGZ,Amplitech Group Inc. Series B Right,Telecommunications,2.865,1,-4.5,-24.61,
2026-06-15,2,AMPGR,Amplitech Group Inc. Series A Right,Telecommunications,3.6,1,-5.26,-30,
2026-06-15,3,EZRA,Reliance Global Group Inc. Common Stock,Finance,3.54,1,-3.28,0.28,
2026-06-15,4,SPKLW,Spark I Acquisition Corp. Warrant,Uncategorized,2.08,1,10.64,25.96,HIT
2026-06-15,5,BNZI,Banzai International Inc. Class A Common Stock,Technology,2.78,1,-7.95,15.83,
2026-06-16,1,XXII,22nd Century Group Inc. Common Stock,Health Care,6.14,1,-6.19,-6.51,
2026-06-16,2,AMPGZ,Amplitech Group Inc. Series B Right,Telecommunications,2.16,1,-24.61,35.42,HIT
2026-06-16,3,AMPGR,Amplitech Group Inc. Series A Right,Telecommunications,2.52,1,-30,38.89,HIT
2026-06-16,4,AERT,Aeries Technology Inc. Class A Ordinary Share,Consumer Discretionary,5.37,1,-7.41,19.55,
2026-06-16,5,TBH,Brag House Holdings Inc. Common Stock,Consumer Discretionary,4.04,1,-6.26,-0.74,
2026-06-17,1,EZRA,Reliance Global Group Inc. Common Stock,Finance,3.53,1,-0.56,-1.13,
2026-06-17,2,AERT,Aeries Technology Inc. Class A Ordinary Share,Consumer Discretionary,6.42,1,19.55,8.88,
2026-06-17,3,AMOD,Alpha Modus Holdings Inc. Class A Common Stock,Miscellaneous,5.12,1,-10.49,-15.43,
2026-06-17,4,YYAI,AiRWA Inc. Common Stock,Technology,170.5841,1,-8.25,-5.06,
2026-06-17,5,CAST,FreeCast Inc. Class A Common Stock,Technology,3.75,1,0,37.33,HIT
2026-06-18,1,AMPGZ,Amplitech Group Inc. Series B Right,Telecommunications,3,1,2.56,0,
2026-06-18,2,EZRA,Reliance Global Group Inc. Common Stock,Finance,3.49,1,-1.13,-0.57,
2026-06-18,3,AERT,Aeries Technology Inc. Class A Ordinary Share,Consumer Discretionary,6.99,1,8.88,3.29,
2026-06-18,4,YYAI,AiRWA Inc. Common Stock,Technology,161.9469,1,-5.06,0.53,
2026-06-18,5,KLAC,KLA Corporation Common Stock,Technology,238.73,1,0.59,8.73,
2026-06-19,1,AMPGR,Amplitech Group Inc. Series A Right,Telecommunications,3.99,1,-10.74,0,
2026-06-19,2,EZRA,Reliance Global Group Inc. Common Stock,Finance,3.47,1,-0.57,0,
2026-06-19,3,UPLD,Upland Software Inc. Common Stock,Technology,5.19,1,0.39,0,
2026-06-19,4,AERT,Aeries Technology Inc. Class A Ordinary Share,Consumer Discretionary,7.22,1,3.29,0,
2026-06-19,5,YYAI,AiRWA Inc. Common Stock,Technology,162.8106,1,0.53,0,
2026-06-22,1,AMPGR,Amplitech Group Inc. Series A Right,Telecommunications,3.99,1,0,-18.55,
2026-06-22,2,EZRA,Reliance Global Group Inc. Common Stock,Finance,3.47,1,0,8.36,
2026-06-22,3,CAST,FreeCast Inc. Class A Common Stock,Technology,8.07,1,0,21.93,HIT
2026-06-22,4,YYAI,AiRWA Inc. Common Stock,Technology,162.8106,1,0,-1.99,
2026-06-22,5,AERT,Aeries Technology Inc. Class A Ordinary Share,Consumer Discretionary,7.22,1,0,0,
2026-06-23,1,AMPGZ,Amplitech Group Inc. Series B Right,Telecommunications,2.7,1,-10,-31.48,
2026-06-23,2,AMPGR,Amplitech Group Inc. Series A Right,Telecommunications,3.25,1,-18.55,-33.85,
2026-06-23,3,EZRA,Reliance Global Group Inc. Common Stock,Finance,3.76,1,8.36,-7.18,
2026-06-23,4,YYAI,AiRWA Inc. Common Stock,Technology,159.5717,1,-1.99,-1.49,
2026-06-23,5,KLAC,KLA Corporation Common Stock,Technology,269.16,1,3.7,-9.17,
2026-06-24,1,AMPGR,Amplitech Group Inc. Series A Right,Telecommunications,2.15,1,-33.85,-7.91,
2026-06-24,2,EZRA,Reliance Global Group Inc. Common Stock,Finance,3.49,1,-7.18,-1,
2026-06-24,3,BOXL,Boxlight Corporation Class A Common Stock,Real Estate,3.56,1,-0.61,37.08,HIT
2026-06-24,4,YYAI,AiRWA Inc. Common Stock,Technology,157.1965,1,-1.49,-4.95,
2026-06-24,5,KLAC,KLA Corporation Common Stock,Technology,244.49,1,-9.17,-1.64,
2026-06-25,1,AMPGR,Amplitech Group Inc. Series A Right,Telecommunications,1.98,1,-7.91,-7.58,
2026-06-25,2,AMPGZ,Amplitech Group Inc. Series B Right,Telecommunications,1.62,1,-12.43,-7.41,
2026-06-25,3,FCUV,Focus Universal Inc. Common Stock,Industrials,15.1437,1,7.54,7.69,
2026-06-25,4,EZRA,Reliance Global Group Inc. Common Stock,Finance,3.455,1,-1,-3.91,
2026-06-25,5,YYAI,AiRWA Inc. Common Stock,Technology,149.423,1,-4.95,-7.51,
2026-06-26,1,EZRA,Reliance Global Group Inc. Common Stock,Finance,3.32,1,-3.91,3.31,
2026-06-26,2,FCUV,Focus Universal Inc. Common Stock,Industrials,16.3086,1,7.69,-8.19,
2026-06-26,3,CCXIW,Churchill Capital Corp XI Warrants,Uncategorized,4.84,1,7.56,29.34,HIT
2026-06-26,4,YYAI,AiRWA Inc. Common Stock,Technology,138.1947,1,-7.51,7.97,
2026-06-26,5,BOXL,Boxlight Corporation Class A Common Stock,Real Estate,4.5,1,-7.79,-1.78,
2026-06-29,1,AMPGR,Amplitech Group Inc. Series A Right,Telecommunications,1.42,1,-22.4,19.01,
2026-06-29,2,EZRA,Reliance Global Group Inc. Common Stock,Finance,3.43,1,3.31,-4.96,
2026-06-29,3,YYAI,AiRWA Inc. Common Stock,Technology,149.2071,1,7.97,8.54,
2026-06-29,4,FCUV,Focus Universal Inc. Common Stock,Industrials,14.9724,1,-8.19,-13.27,
2026-06-29,5,GDC,GD Culture Group Limited Common Stock,Industrials,2.49,1,-13.14,0,
2026-06-30,1,AMPGR,Amplitech Group Inc. Series A Right,Telecommunications,1.69,1,19.01,16.57,
2026-06-30,2,NUWE,Nuwellis Inc. Common Stock,Health Care,3.18,1,-3.64,-4.09,
2026-06-30,3,EZRA,Reliance Global Group Inc. Common Stock,Finance,3.26,1,-4.96,-0.31,
2026-06-30,4,CCXIW,Churchill Capital Corp XI Warrants,Uncategorized,7.01,1,11.98,5.71,
2026-06-30,5,YYAI,AiRWA Inc. Common Stock,Technology,161.9469,1,8.54,0.67,
2026-07-01,1,AMPGR,Amplitech Group Inc. Series A Right,Telecommunications,1.97,1,16.57,8.12,
2026-07-01,2,AMPGZ,Amplitech Group Inc. Series B Right,Telecommunications,1.45,1,-3.97,6.21,
2026-07-01,3,YHC,LQR House Inc. Common Stock,Consumer Staples,8.4245,1,-91.51,-33.54,
2026-07-01,4,EZRA,Reliance Global Group Inc. Common Stock,Finance,3.25,1,-0.31,-0.31,
2026-07-01,5,CCXIW,Churchill Capital Corp XI Warrants,Uncategorized,7.41,1,5.71,6.92,
2026-07-02,1,AMPGR,Amplitech Group Inc. Series A Right,Telecommunications,2.13,1,8.12,-57.28,
2026-07-02,2,YHC,LQR House Inc. Common Stock,Consumer Staples,5.5985,1,-33.54,-14.1,
2026-07-02,3,QNCX,Quince Therapeutics Inc. Common Stock,Health Care,16.75,1,-7.92,2.87,
2026-07-02,4,AMPGZ,Amplitech Group Inc. Series B Right,Telecommunications,1.54,1,6.21,-35.06,
2026-07-02,5,EZRA,Reliance Global Group Inc. Common Stock,Finance,3.24,1,-0.31,-4.94,
2026-07-03,1,YHC,LQR House Inc. Common Stock,Consumer Staples,4.8094,1,-14.1,0,
2026-07-03,2,EZRA,Reliance Global Group Inc. Common Stock,Finance,3.08,1,-4.94,0,
2026-07-03,3,YYAI,AiRWA Inc. Common Stock,Technology,161.9469,1,0.67,0,
2026-07-03,4,CCXIW,Churchill Capital Corp XI Warrants,Uncategorized,9.2,1,16.12,0,
2026-07-03,5,LHAI,Linkhome Holdings Inc. Common stock,Finance,1.76,0.9999,-35.77,0,
2026-07-06,1,YHC,LQR House Inc. Common Stock,Consumer Staples,4.8094,1,0,-13.53,
2026-07-06,2,EZRA,Reliance Global Group Inc. Common Stock,Finance,3.08,1,0,-1.79,
2026-07-06,3,YYAI,AiRWA Inc. Common Stock,Technology,161.9469,1,0,0.93,
2026-07-06,4,LHAI,Linkhome Holdings Inc. Common stock,Finance,1.76,0.9998,0,-8.52,
2026-07-06,5,CCXIW,Churchill Capital Corp XI Warrants,Uncategorized,9.2,0.9993,0,-7.61,
2026-07-07,1,YHC,LQR House Inc. Common Stock,Consumer Staples,4.1589,1,-13.53,2.56,
2026-07-07,2,EZRA,Reliance Global Group Inc. Common Stock,Finance,3.025,1,-1.79,-3.47,
2026-07-07,3,YYAI,AiRWA Inc. Common Stock,Technology,163.4584,1,0.93,0.13,
2026-07-07,4,BJDX,Bluejay Diagnostics Inc. Common Stock,Health Care,1.16,0.9998,1.75,25,HIT
2026-07-07,5,OLOX,Olenox Industries Inc. Common Stock,Consumer Discretionary,5.42,0.9998,6.07,-2.21,
2026-07-08,1,YHC,LQR House Inc. Common Stock,Consumer Staples,4.2656,1,2.56,-8.75,
2026-07-08,2,EZRA,Reliance Global Group Inc. Common Stock,Finance,2.92,1,-3.47,-1.03,
2026-07-08,3,YYAI,AiRWA Inc. Common Stock,Technology,163.6743,1,0.13,-3.95,
2026-07-08,4,BNZI,Banzai International Inc. Class A Common Stock,Technology,3.36,0.9996,3.38,-9.52,
2026-07-08,5,OLOX,Olenox Industries Inc. Common Stock,Consumer Discretionary,5.3,0.9986,-2.21,2.08,
2026-07-09,1,YHC,LQR House Inc. Common Stock,Consumer Staples,3.8923,1,-8.75,-20.27,
2026-07-09,2,EZRA,Reliance Global Group Inc. Common Stock,Finance,2.89,1,-1.03,-1.04,
2026-07-09,3,ILLR,Triller Group Inc. Common Stock,Finance,2.41,1,-1.23,-2.07,
2026-07-09,4,YYAI,AiRWA Inc. Common Stock,Technology,157.2159,1,-3.95,0.12,
2026-07-09,5,CLRO,ClearOne Inc. Common Stock,Utilities,10.16,0.9998,-26.59,-5.02,
2026-07-10,1,YHC,LQR House Inc. Common Stock,Consumer Staples,3.1032,1,-20.27,-17.18,
2026-07-10,2,EZRA,Reliance Global Group Inc. Common Stock,Finance,2.86,1,-1.04,-4.2,
2026-07-10,3,YYAI,AiRWA Inc. Common Stock,Technology,157.4124,1,0.12,11.25,
2026-07-10,4,ILLR,Triller Group Inc. Common Stock,Finance,2.36,0.9999,-2.07,-0.85,
2026-07-10,5,CLRO,ClearOne Inc. Common Stock,Utilities,9.65,0.9997,-5.02,-13.06,
2026-07-13,1,YHC,LQR House Inc. Common Stock,Consumer Staples,2.57,1,-17.18,0,
2026-07-13,2,YYAI,AiRWA Inc. Common Stock,Technology,175.1186,1,11.25,-3.7,
2026-07-13,3,EZRA,Reliance Global Group Inc. Common Stock,Finance,2.74,1,-4.2,-5.84,
2026-07-13,4,ILLR,Triller Group Inc. Common Stock,Finance,2.34,1,-0.85,-8.97,
2026-07-13,5,FBRX,Forte Biosciences Inc. Common Stock,Health Care,43.92,0.9996,19.67,0.46,
2026-07-14,1,GIPR,Generation Income Properties Inc. Common Stock,Real Estate,1.4,1,-4.76,-8.57,
2026-07-14,2,AMPGR,Amplitech Group Inc. Series A Right,Telecommunications,1.37,1,-14.37,33.94,HIT
2026-07-14,3,AMOD,Alpha Modus Holdings Inc. Class A Common Stock,Miscellaneous,4.01,1,-3.61,2.74,
2026-07-14,4,EZRA,Reliance Global Group Inc. Common Stock,Finance,2.58,1,-5.84,0.39,
2026-07-14,5,YYAI,AiRWA Inc. Common Stock,Technology,168.6407,1,-3.7,4.23,
2026-07-15,1,AMOD,Alpha Modus Holdings Inc. Class A Common Stock,Miscellaneous,4.12,1,2.74,-0.48,
2026-07-15,2,GIPR,Generation Income Properties Inc. Common Stock,Real Estate,1.28,1,-8.57,-3.91,
2026-07-15,3,EZRA,Reliance Global Group Inc. Common Stock,Finance,2.59,1,0.39,0,
2026-07-15,4,TDACW,Translational Development Acquisition Corp. Warrants,Uncategorized,2,1,5.26,-4,
2026-07-15,5,YYAI,AiRWA Inc. Common Stock,Technology,175.7664,1,4.23,16.34,
2026-07-16,1,VEEE,Twin Vee PowerCats Co. Common Stock,Industrials,26.59,1,-30.95,-63.18,
2026-07-16,2,NXTC,NextCure Inc. Common Stock,Health Care,6.63,1,0.76,-20.81,
2026-07-16,3,AMPGZ,Amplitech Group Inc. Series B Right,Telecommunications,1.16,1,-7.2,-35.33,
2026-07-16,4,AMOD,Alpha Modus Holdings Inc. Class A Common Stock,Miscellaneous,4.1001,1,-0.48,7.07,
2026-07-16,5,YYAI,AiRWA Inc. Common Stock,Technology,204.485,1,16.34,-98.87,
2026-08-06,1,YYAI,AiRWA Inc. Common Stock,Technology,2.3104,1,-98.87,-25.51,
2026-08-06,2,AMOD,Alpha Modus Holdings Inc. Class A Common Stock,Miscellaneous,4.39,1,7.07,0.46,
2026-08-06,3,EZRA,Reliance Global Group Inc. Common Stock,Finance,2.38,1,-8.11,7.98,
2026-08-06,4,ONFO,Onfolio Holdings Inc. Common Stock,Technology,4.0521,1,-50.88,-17.36,
2026-08-06,5,NXTC,NextCure Inc. Common Stock,Health Care,5.25,1,-20.81,6.48,
2026-08-07,1,DBGI,Digital Brands Group Inc. Common Stock,Consumer Discretionary,14.63,1,-10.14,4.92,
2026-08-07,2,YYAI,AiRWA Inc. Common Stock,Technology,1.721,1,-25.51,-2.13,
2026-08-07,3,CSAI,Cloudastructure Inc. Class A Common Stock,Technology,5.715,1,16.16,24.58,HIT
2026-08-07,4,GNPX,Genprex Inc. Common Stock,Health Care,4.44,1,0,-3.83,
2026-08-07,5,MVIS,MicroVision Inc. Common Stock,Technology,3.26,1,2.68,3.83,
2026-08-10,1,YYAI,AiRWA Inc. Common Stock,Technology,1.6842,1,-2.13,3.85,
2026-08-10,2,DBGI,Digital Brands Group Inc. Common Stock,Consumer Discretionary,15.35,1,4.92,11.07,
2026-08-10,3,MVIS,MicroVision Inc. Common Stock,Technology,3.385,1,3.83,9.9,
2026-08-10,4,GNPX,Genprex Inc. Common Stock,Health Care,4.27,1,-3.83,-1.87,
2026-08-10,5,AMOD,Alpha Modus Holdings Inc. Class A Common Stock,Miscellaneous,4.54,1,2.95,-1.54,
2026-08-11,1,YYAI,AiRWA Inc. Common Stock,Technology,1.749,1,3.85,-11.11,
2026-08-11,2,JUNS,Jupiter Neurosciences Inc. Common Stock,Health Care,5.31,1,4.12,-12.43,
2026-08-11,3,TENX,Tenax Therapeutics Inc. Common Stock,Health Care,1.375,1,-89.77,23.27,HIT
2026-08-11,4,SION,Sionna Therapeutics Inc. Common Stock,Health Care,4.5,1,-91.18,35.11,HIT
2026-08-11,5,AMOD,Alpha Modus Holdings Inc. Class A Common Stock,Miscellaneous,4.47,1,-1.54,-5.37,
2026-08-12,1,YYAI,AiRWA Inc. Common Stock,Technology,1.5547,1,-11.11,-11.25,
2026-08-12,2,SCKT,Socket Mobile Inc. Common Stock,Technology,1.595,1,-25.12,-14.73,
2026-08-12,3,EZRA,Reliance Global Group Inc. Common Stock,Finance,2.35,0.9999,-6.37,-0.43,
2026-08-12,4,GENVR,Gen Digital Inc. Contingent Value Rights,Technology,3.6,0.9999,-9.43,9.72,
2026-08-12,5,VBIO,Valion Bio Inc. Common Stock,Health Care,6.4655,0.9997,-22.67,-23.3,
2026-08-13,1,YYAI,AiRWA Inc. Common Stock,Technology,1.3798,1,-11.25,-11.58,
2026-08-13,2,TENX,Tenax Therapeutics Inc. Common Stock,Health Care,1.83,1,7.96,-1.64,
2026-08-13,3,AMPGZ,Amplitech Group Inc. Series B Right,Telecommunications,1.06,1,-4.5,-69.33,
2026-08-13,4,SION,Sionna Therapeutics Inc. Common Stock,Health Care,6.54,1,7.57,-1.22,
2026-08-13,5,EZRA,Reliance Global Group Inc. Common Stock,Finance,2.34,0.9999,-0.43,5.13,
2026-08-14,1,YYAI,AiRWA Inc. Common Stock,Technology,1.22,1,-11.58,0,
2026-08-14,2,AMOD,Alpha Modus Holdings Inc. Class A Common Stock,Miscellaneous,4.495,1,-1.43,0,
2026-08-14,3,TENX,Tenax Therapeutics Inc. Common Stock,Health Care,1.8,1,-1.64,0,
2026-08-14,4,SION,Sionna Therapeutics Inc. Common Stock,Health Care,6.46,1,-1.22,0,
2026-08-14,5,EZRA,Reliance Global Group Inc. Common Stock,Finance,2.46,1,5.13,0,
2026-08-15,1,YYAI,AiRWA Inc. Common Stock,Technology,1.22,1,0,0,
2026-08-15,2,AMOD,Alpha Modus Holdings Inc. Class A Common Stock,Miscellaneous,4.495,1,0,0,
2026-08-15,3,TENX,Tenax Therapeutics Inc. Common Stock,Health Care,1.8,1,0,0,
2026-08-15,4,SION,Sionna Therapeutics Inc. Common Stock,Health Care,6.46,1,0,0,
2026-08-15,5,EZRA,Reliance Global Group Inc. Common Stock,Finance,2.46,1,0,0,
2026-08-17,1,YYAI,AiRWA Inc. Common Stock,Technology,1.22,1,0,0,
2026-08-17,2,QNCX,Quince Therapeutics Inc. Common Stock,Health Care,34.04,1,0,0.24,
2026-08-17,3,AMOD,Alpha Modus Holdings Inc. Class A Common Stock,Miscellaneous,4.495,1,0,-3.45,
2026-08-17,4,TENX,Tenax Therapeutics Inc. Common Stock,Health Care,1.8,1,0,-5,
2026-08-17,5,SION,Sionna Therapeutics Inc. Common Stock,Health Care,6.46,1,0,-8.51,
2026-08-18,1,QNCX,Quince Therapeutics Inc. Common Stock,Health Care,34.12,1,0.24,-3.55,
2026-08-18,2,EZRA,Reliance Global Group Inc. Common Stock,Finance,2.21,0.9982,-10.16,4.52,
2026-08-18,3,NUWE,Nuwellis Inc. Common Stock,Health Care,1.26,0.9962,-3.82,-5.56,
2026-08-18,4,VEEE,Twin Vee PowerCats Co. Common Stock,Industrials,10.74,0.9914,-8.28,0.09,
2026-08-18,5,BOXL,Boxlight Corporation Class A Common Stock,Real Estate,7.22,0.9882,3.88,4.85,
2026-08-19,1,QNCX,Quince Therapeutics Inc. Common Stock,Health Care,32.91,1,-3.55,5.04,
2026-08-19,2,DBGI,Digital Brands Group Inc. Common Stock,Consumer Discretionary,10.905,0.9999,-20.81,8.67,
2026-08-19,3,DFNS,T3 Defense Inc. Common Stock,Consumer Discretionary,27.2,0.9989,-12.23,-4.37,
2026-08-19,4,GNPX,Genprex Inc. Common Stock,Health Care,3.95,0.9988,-11.73,1.01,
2026-08-19,5,EZRA,Reliance Global Group Inc. Common Stock,Finance,2.31,0.9986,4.52,3.9,
2026-08-20,1,CXAI,CXApp Inc. Class A Common Stock,Technology,4.59,1,7.75,-14.16,
2026-08-20,2,PFSA,Profusa Inc. Common Stock,Health Care,13.57,1,-50.62,-44.22,
2026-08-20,3,NTWOW,Newbury Street II Acquisition Corp Warrant,Uncategorized,1.57,1,-5.42,-15.29,
2026-08-20,4,IPST,IP Strategy Holdings Inc. Common Stock,Consumer Staples,8.45,1,-46.38,22.01,HIT
2026-08-20,5,QNCX,Quince Therapeutics Inc. Common Stock,Health Care,34.57,1,5.04,-7.12,
2026-08-21,1,NTWOW,Newbury Street II Acquisition Corp Warrant,Uncategorized,1.33,1,-15.29,3.01,
2026-08-21,2,JUNS,Jupiter Neurosciences Inc. Common Stock,Health Care,5.17,1,7.71,19.92,
2026-08-21,3,CXAI,CXApp Inc. Class A Common Stock,Technology,3.94,1,-14.16,-2.28,
2026-08-21,4,QNCX,Quince Therapeutics Inc. Common Stock,Health Care,32.11,1,-7.12,5.67,
2026-08-21,5,PFSA,Profusa Inc. Common Stock,Health Care,7.57,0.9999,-44.22,-27.87,
2026-08-24,1,JUNS,Jupiter Neurosciences Inc. Common Stock,Health Care,6.2,1,19.92,-8.71,
2026-08-24,2,NTWOW,Newbury Street II Acquisition Corp Warrant,Uncategorized,1.37,1,3.01,1.46,
2026-08-24,3,AMOD,Alpha Modus Holdings Inc. Class A Common Stock,Miscellaneous,4.63,0.9999,0.65,0.65,
2026-08-24,4,IPST,IP Strategy Holdings Inc. Common Stock,Consumer Staples,9.65,0.9999,-6.4,-11.09,
2026-08-24,5,MRNA,Moderna Inc. Common Stock,Health Care,145.13,0.9991,8.86,-4.3,
2026-08-25,1,BTOG,Bit Origin Limited Class A Ordinary Shares,Finance,3.32,1,-10.99,9.04,
2026-08-25,2,JUNS,Jupiter Neurosciences Inc. Common Stock,Health Care,5.66,1,-8.71,-8.66,
2026-08-25,3,AMOD,Alpha Modus Holdings Inc. Class A Common Stock,Miscellaneous,4.66,1,0.65,-18.67,
2026-08-25,4,EZRA,Reliance Global Group Inc. Common Stock,Finance,3.03,0.9998,0.33,-7.26,
2026-08-25,5,CYPH,Cypherpunk Technologies Inc. Common Stock,Health Care,1.68,0.9996,18.31,-2.38,
2026-08-26,1,BTOG,Bit Origin Limited Class A Ordinary Shares,Finance,3.62,1,9.04,-3.04,
2026-08-26,2,AMOD,Alpha Modus Holdings Inc. Class A Common Stock,Miscellaneous,3.79,1,-18.67,-28.5,
2026-08-26,3,QNCX,Quince Therapeutics Inc. Common Stock,Health Care,30.93,0.9999,-7.62,-1.88,
2026-08-26,4,JUNS,Jupiter Neurosciences Inc. Common Stock,Health Care,5.17,0.9999,-8.66,-6.77,
2026-08-26,5,EZRA,Reliance Global Group Inc. Common Stock,Finance,2.81,0.9995,-7.26,2.31,
2026-08-27,1,AMOD,Alpha Modus Holdings Inc. Class A Common Stock,Miscellaneous,2.71,1,-28.5,-7.75,
2026-08-27,2,BTOG,Bit Origin Limited Class A Ordinary Shares,Finance,3.51,0.9999,-3.04,-11.68,
2026-08-27,3,EZRA,Reliance Global Group Inc. Common Stock,Finance,2.875,0.9994,2.31,-5.74,
2026-08-27,4,JUNS,Jupiter Neurosciences Inc. Common Stock,Health Care,4.82,0.9993,-6.77,-13.28,
2026-08-27,5,NUWE,Nuwellis Inc. Common Stock,Health Care,1.015,0.9984,5.82,-12.42,
2026-08-28,1,DAIC,CID HoldCo Inc. Common Stock,Technology,4.64,1,-17.88,-23.19,
2026-08-28,2,QNCX,Quince Therapeutics Inc. Common Stock,Health Care,33.75,1,11.2,-3.44,
2026-08-28,3,RDIB,Reading International Inc Class B Common Stock,Consumer Discretionary,18.31,0.9997,19.21,-13,
2026-08-28,4,CELU,Celularity Inc. Class A Common Stock,Health Care,1.58,0.9992,-25.47,7.53,
2026-08-28,5,BTOG,Bit Origin Limited Class A Ordinary Shares,Finance,3.1,0.9991,-11.68,-2.85,
2026-08-31,1,DAIC,CID HoldCo Inc. Common Stock,Technology,3.5642,1,-23.19,18.12,
2026-08-31,2,QNCX,Quince Therapeutics Inc. Common Stock,Health Care,32.59,1,-3.44,0.92,
2026-08-31,3,CAPR,Capricor Therapeutics Inc. Common Stock,Health Care,9.925,0.9995,3.49,4.08,
2026-08-31,4,CELU,Celularity Inc. Class A Common Stock,Health Care,1.699,0.9984,7.53,7.55,
2026-08-31,5,KPTI,Karyopharm Therapeutics Inc. Common Stock,Health Care,2,0.9978,6.95,0.75,
2026-09-01,1,DAIC,CID HoldCo Inc. Common Stock,Technology,4.21,1,18.12,-13.3,
2026-09-01,2,PFSA,Profusa Inc. Common Stock,Health Care,2.9499,0.9996,-3.16,-2.37,
2026-09-01,3,CELU,Celularity Inc. Class A Common Stock,Health Care,1.8273,0.9968,7.55,5.89,
2026-09-01,4,PW,Power REIT (MD) Common Stock,Real Estate,6.73,0.9957,-11.33,11.89,
2026-09-01,5,AMOD,Alpha Modus Holdings Inc. Class A Common Stock,Miscellaneous,2.285,0.9942,-6.73,-5.91,
2026-09-02,1,DFNS,T3 Defense Inc. Common Stock,Consumer Discretionary,9.75,1,-2.5,0.51,
2026-09-02,2,DAIC,CID HoldCo Inc. Common Stock,Technology,3.65,0.9998,-13.3,-9.86,
2026-09-02,3,PFSA,Profusa Inc. Common Stock,Health Care,2.88,0.9967,-2.37,-9.03,
2026-09-02,4,DBGI,Digital Brands Group Inc. Common Stock,Consumer Discretionary,4.4001,0.9966,-19.19,-13.18,
2026-09-02,5,GPRO,GoPro Inc. Class A Common Stock,Consumer Discretionary,1.2224,0.9957,-16.71,29.82,HIT
2026-09-03,1,DFNS,T3 Defense Inc. Common Stock,Consumer Discretionary,9.8001,1,0.51,-3.57,
2026-09-03,2,DBGI,Digital Brands Group Inc. Common Stock,Consumer Discretionary,3.82,0.9995,-13.18,-4.93,
2026-09-03,3,SION,Sionna Therapeutics Inc. Common Stock,Health Care,7.16,0.9987,4.53,-6.13,
2026-09-03,4,TENX,Tenax Therapeutics Inc. Common Stock,Health Care,1.985,0.9979,9.55,-7.05,
2026-09-03,5,AMOD,Alpha Modus Holdings Inc. Class A Common Stock,Miscellaneous,2.1999,0.9959,2.32,-3.16,
2026-09-04,1,DFNS,T3 Defense Inc. Common Stock,Consumer Discretionary,9.45,1,-3.57,8.36,
2026-09-04,2,FCUV,Focus Universal Inc. Common Stock,Industrials,17.67,0.9995,9.18,-3.79,
2026-09-04,3,AMOD,Alpha Modus Holdings Inc. Class A Common Stock,Miscellaneous,2.1303,0.9957,-3.16,1.86,
2026-09-04,4,GPRO,GoPro Inc. Class A Common Stock,Consumer Discretionary,1.549,0.9948,-2.39,9.75,
2026-09-04,5,DBGI,Digital Brands Group Inc. Common Stock,Consumer Discretionary,3.6315,0.9932,-4.93,3.81,
2026-09-07,1,DFNS,T3 Defense Inc. Common Stock,Consumer Discretionary,10.24,1,8.36,-0.1,
2026-09-07,2,JUNS,Jupiter Neurosciences Inc. Common Stock,Health Care,3.28,1,-4.23,-0.91,
2026-09-07,3,QNCX,Quince Therapeutics Inc. Common Stock,Health Care,31.32,0.9998,2.02,1.79,
2026-09-07,4,FCUV,Focus Universal Inc. Common Stock,Industrials,17,0.9997,-3.79,-58.82,
2026-09-07,5,GPRO,GoPro Inc. Class A Common Stock,Consumer Discretionary,1.7,0.9994,9.75,-12.65,
2026-09-08,1,DFNS,T3 Defense Inc. Common Stock,Consumer Discretionary,10.23,1,-0.1,-1.08,
2026-09-08,2,DAIC,CID HoldCo Inc. Common Stock,Technology,2.94,0.9964,-5.16,-1.36,
2026-09-08,3,AMOD,Alpha Modus Holdings Inc. Class A Common Stock,Miscellaneous,2.09,0.9961,-3.69,-3.83,
2026-09-08,4,FFAI,Faraday Future Intelligent Electric Inc. Class A Common Stock,Industrials,1.835,0.9936,-0.81,0.82,
2026-09-08,5,BIAF,bioAffinity Technologies Inc. Common Stock,Health Care,9.3675,0.9911,-38.65,20.68,HIT
2026-09-09,1,DFNS,T3 Defense Inc. Common Stock,Consumer Discretionary,10.12,1,-1.08,-0.28,
2026-09-09,2,DAIC,CID HoldCo Inc. Common Stock,Technology,2.9001,0.9967,-1.36,-2.42,
2026-09-09,3,FFAI,Faraday Future Intelligent Electric Inc. Class A Common Stock,Industrials,1.85,0.9885,0.82,-5.41,
2026-09-09,4,SST,System1 Inc. Class A Common Stock,Technology,4.7032,0.9789,19.67,-9.74,
2026-09-09,5,DBGI,Digital Brands Group Inc. Common Stock,Consumer Discretionary,3.5025,0.9737,-5.85,18.2,
2026-09-10,1,DFNS,T3 Defense Inc. Common Stock,Consumer Discretionary,10.092,1,-0.28,-1.7,
2026-09-10,2,INDP,Indaptus Therapeutics Inc. Common Stock,Health Care,2.4201,0.9977,12.57,8.44,
2026-09-10,3,DAIC,CID HoldCo Inc. Common Stock,Technology,2.83,0.993,-2.42,-5.65,
2026-09-10,4,FFAI,Faraday Future Intelligent Electric Inc. Class A Common Stock,Industrials,1.7499,0.9877,-5.41,-1.18,
2026-09-10,5,BIAF,bioAffinity Technologies Inc. Common Stock,Health Care,10,0.9782,-11.54,-2.8,
2026-09-11,1,DFNS,T3 Defense Inc. Common Stock,Consumer Discretionary,9.92,1,-1.7,-7.66,
2026-09-11,2,INDP,Indaptus Therapeutics Inc. Common Stock,Health Care,2.6243,0.9979,8.44,8.97,
2026-09-11,3,FFAI,Faraday Future Intelligent Electric Inc. Class A Common Stock,Industrials,1.7292,0.9899,-1.18,-6.89,
2026-09-11,4,EYPT,EyePoint Inc. Common Stock,Industrials,4.38,0.986,1.39,-1.83,
2026-09-11,5,DAIC,CID HoldCo Inc. Common Stock,Technology,2.67,0.9845,-5.65,-11.99,
2026-09-14,1,DFNS,T3 Defense Inc. Common Stock,Consumer Discretionary,9.16,1,-7.66,-6.58,
2026-09-14,2,JUNS,Jupiter Neurosciences Inc. Common Stock,Health Care,3.21,1,2.88,0.93,
2026-09-14,3,AMOD,Alpha Modus Holdings Inc. Class A Common Stock,Miscellaneous,2.36,0.999,11.85,-16.95,
2026-09-14,4,INDP,Indaptus Therapeutics Inc. Common Stock,Health Care,2.8598,0.9982,8.97,8.17,
2026-09-14,5,DBGI,Digital Brands Group Inc. Common Stock,Consumer Discretionary,5.2218,0.9939,-19.19,-6.07,
