runDate,forDate,rank,symbol,prob,close,industry
2026-09-15,2026-09-16,1,DFNS,1,8.0362,Consumer Discretionary
2026-09-15,2026-09-16,2,NFE,1,12.875,Utilities
2026-09-15,2026-09-16,3,INDP,0.9996,3.4,Health Care
2026-09-15,2026-09-16,4,QNCX,0.9996,28.41,Health Care
2026-09-15,2026-09-16,5,IPW,0.9924,1.945,Consumer Discretionary
2026-09-15,2026-09-16,6,FFAI,0.9817,1.73,Industrials
2026-09-15,2026-09-16,7,XHLD,0.9814,9.435,Consumer Discretionary
2026-09-15,2026-09-16,8,DBGI,0.9742,4.3,Consumer Discretionary
2026-09-15,2026-09-16,9,TNON,0.9654,4.49,Health Care
2026-09-15,2026-09-16,10,XBIO,0.9622,2.4634,Health Care
2026-09-15,2026-09-16,11,CSAI,0.9473,3.195,Technology
2026-09-15,2026-09-16,12,DAIC,0.9455,2.12,Technology
2026-09-15,2026-09-16,13,BIAF,0.9405,6.02,Health Care
2026-09-15,2026-09-16,14,IESC,0.9268,324.52,Industrials
2026-09-15,2026-09-16,15,SFBS,0.9198,42.08,Finance
2026-09-15,2026-09-16,16,SDOT,0.9119,12.23,Consumer Discretionary
2026-09-15,2026-09-16,17,PFSA,0.9071,2.1445,Health Care
2026-09-15,2026-09-16,18,BOXL,0.9066,4.66,Real Estate
2026-09-15,2026-09-16,19,IPST,0.9003,2.7,Consumer Staples
2026-09-15,2026-09-16,20,SUNE,0.8893,3.13,Consumer Discretionary
2026-09-15,2026-09-16,21,SST,0.887,3.16,Technology
2026-09-15,2026-09-16,22,SGLY,0.885,1.2701,Industrials
2026-09-15,2026-09-16,23,IPDN,0.8747,3.21,Technology
2026-09-15,2026-09-16,24,GPRO,0.8662,1.31,Consumer Discretionary
2026-09-15,2026-09-16,25,CCXIW,0.8647,5.85,Uncategorized
2026-09-16,2026-09-17,1,DFNS,1,7.68,Consumer Discretionary
2026-09-16,2026-09-17,2,VEEA,1,6.1,Technology
2026-09-16,2026-09-17,3,JUNS,1,2.93,Health Care
2026-09-16,2026-09-17,4,QNCX,0.9996,27.17,Health Care
2026-09-16,2026-09-17,5,CXAI,0.9992,2.46,Technology
2026-09-16,2026-09-17,6,INDP,0.9984,3.21,Health Care
2026-09-16,2026-09-17,7,AMOD,0.9945,1.84,Miscellaneous
2026-09-16,2026-09-17,8,XBIO,0.9927,2.19,Health Care
2026-09-16,2026-09-17,9,XHLD,0.9894,9.65,Consumer Discretionary
2026-09-16,2026-09-17,10,FFAI,0.9825,1.69,Industrials
2026-09-16,2026-09-17,11,DBGI,0.9783,4.1,Consumer Discretionary
2026-09-16,2026-09-17,12,PFSA,0.9764,1.78,Health Care
2026-09-16,2026-09-17,13,IPW,0.9759,1.82,Consumer Discretionary
2026-09-16,2026-09-17,14,FCUV,0.972,5.18,Industrials
2026-09-16,2026-09-17,15,SFBS,0.9638,41.28,Finance
2026-09-16,2026-09-17,16,TNON,0.9574,3.91,Health Care
2026-09-16,2026-09-17,17,IESC,0.9552,325.02,Industrials
2026-09-16,2026-09-17,18,BIAF,0.9552,5.35,Health Care
2026-09-16,2026-09-17,19,CSAI,0.9524,3.21,Technology
2026-09-16,2026-09-17,20,OPTT,0.9432,1.82,Utilities
2026-09-16,2026-09-17,21,XXII,0.9391,1.72,Health Care
2026-09-16,2026-09-17,22,TGL,0.9363,3.51,Consumer Discretionary
2026-09-16,2026-09-17,23,MRLN,0.9316,2.21,Technology
2026-09-16,2026-09-17,24,DAIC,0.931,2.01,Technology
2026-09-16,2026-09-17,25,SPRU,0.9205,1.63,Utilities
2026-09-17,2026-09-18,1,DFNS,1,7.88,Consumer Discretionary
2026-09-17,2026-09-18,2,JUNS,1,3.01,Health Care
2026-09-17,2026-09-18,3,VEEA,0.9998,5.33,Technology
2026-09-17,2026-09-18,4,QNCX,0.9989,27.01,Health Care
2026-09-17,2026-09-18,5,CXAI,0.9985,2.53,Technology
2026-09-17,2026-09-18,6,ETS,0.9981,2.2,Industrials
2026-09-17,2026-09-18,7,AMOD,0.9968,1.96,Miscellaneous
2026-09-17,2026-09-18,8,LGVN,0.9943,2.71,Health Care
2026-09-17,2026-09-18,9,FFAI,0.9908,1.77,Industrials
2026-09-17,2026-09-18,10,XHLD,0.9896,9.72,Consumer Discretionary
2026-09-17,2026-09-18,11,LRHC,0.9782,2.84,Finance
2026-09-17,2026-09-18,12,FCUV,0.9772,5.275,Industrials
2026-09-17,2026-09-18,13,SFBS,0.9713,40.95,Finance
2026-09-17,2026-09-18,14,DBGI,0.969,4.42,Consumer Discretionary
2026-09-17,2026-09-18,15,IPW,0.9662,1.8,Consumer Discretionary
2026-09-17,2026-09-18,16,IESC,0.964,317.16,Industrials
2026-09-17,2026-09-18,17,TELA,0.9566,1.29,Health Care
2026-09-17,2026-09-18,18,XXII,0.9496,1.77,Health Care
2026-09-17,2026-09-18,19,PFSA,0.9487,1.8,Health Care
2026-09-17,2026-09-18,20,SMXT,0.9477,2.24,Consumer Discretionary
2026-09-17,2026-09-18,21,WENN,0.9467,10.4,Uncategorized
2026-09-17,2026-09-18,22,TCRT,0.9437,1.6,Health Care
2026-09-17,2026-09-18,23,CSAI,0.9402,3.385,Technology
2026-09-17,2026-09-18,24,CRD/B,0.9328,13.1,Uncategorized
2026-09-17,2026-09-18,25,SGLY,0.9324,1.14,Industrials
2026-09-18,2026-09-19,1,DFNS,1,7.66,Consumer Discretionary
2026-09-18,2026-09-19,2,JUNS,1,2.86,Health Care
2026-09-18,2026-09-19,3,QNCX,0.9995,29.48,Health Care
2026-09-18,2026-09-19,4,CXAI,0.9984,2.48,Technology
2026-09-18,2026-09-19,5,VEEA,0.998,4.45,Technology
2026-09-18,2026-09-19,6,AMOD,0.9974,1.94,Miscellaneous
2026-09-18,2026-09-19,7,INDP,0.9949,3.55,Health Care
2026-09-18,2026-09-19,8,FFAI,0.9904,1.76,Industrials
2026-09-18,2026-09-19,9,IESC,0.9894,322.16,Industrials
2026-09-18,2026-09-19,10,XHLD,0.9892,9.84,Consumer Discretionary
2026-09-18,2026-09-19,11,GLOO,0.9888,4.88,Technology
2026-09-18,2026-09-19,12,AMCI,0.9871,3.35,Consumer Discretionary
2026-09-18,2026-09-19,13,RUSHB,0.9842,55.42,Consumer Discretionary
2026-09-18,2026-09-19,14,TTRX,0.979,14.94,Health Care
2026-09-18,2026-09-19,15,LGVN,0.9788,2.49,Health Care
2026-09-18,2026-09-19,16,FCUV,0.9787,5.11,Industrials
2026-09-18,2026-09-19,17,BRR,0.9785,3.76,Finance
2026-09-18,2026-09-19,18,MCHX,0.9687,1.26,Technology
2026-09-18,2026-09-19,19,DBGI,0.9677,4.47,Consumer Discretionary
2026-09-18,2026-09-19,20,GLND,0.967,1.2,Energy
2026-09-18,2026-09-19,21,IPW,0.9656,1.69,Consumer Discretionary
2026-09-18,2026-09-19,22,HWH,0.9633,2.33,Health Care
2026-09-18,2026-09-19,23,XXII,0.9631,1.79,Health Care
2026-09-18,2026-09-19,24,BAFN,0.9626,9.24,Finance
2026-09-18,2026-09-19,25,FBYD,0.9599,6.96,Consumer Discretionary
2026-09-21,2026-09-22,1,DFNS,1,8.2,Consumer Discretionary
2026-09-21,2026-09-22,2,AEMD,1,6.32,Health Care
2026-09-21,2026-09-22,3,JUNS,1,2.87,Health Care
2026-09-21,2026-09-22,4,QNCX,0.9992,31,Health Care
2026-09-21,2026-09-22,5,CXAI,0.9984,2.51,Technology
2026-09-21,2026-09-22,6,AMOD,0.9982,1.96,Miscellaneous
2026-09-21,2026-09-22,7,ETS,0.9932,2.14,Industrials
2026-09-21,2026-09-22,8,VEEA,0.993,3.63,Technology
2026-09-21,2026-09-22,9,INDP,0.9912,3.09,Health Care
2026-09-21,2026-09-22,10,CELZ,0.9889,1.005,Health Care
2026-09-21,2026-09-22,11,MNOV,0.988,3.3,Health Care
2026-09-21,2026-09-22,12,CUE,0.9866,28.27,Health Care
2026-09-21,2026-09-22,13,FFAI,0.9865,1.63,Industrials
2026-09-21,2026-09-22,14,XHLD,0.9839,10.46,Consumer Discretionary
2026-09-21,2026-09-22,15,DBGI,0.9698,4.51,Consumer Discretionary
2026-09-21,2026-09-22,16,BIAF,0.9608,7.7,Health Care
2026-09-21,2026-09-22,17,INHD,0.9598,3.59,Industrials
2026-09-21,2026-09-22,18,XXII,0.9596,1.77,Health Care
2026-09-21,2026-09-22,19,CCXIW,0.9556,6.66,Uncategorized
2026-09-21,2026-09-22,20,PRPL,0.9503,2.72,Consumer Discretionary
2026-09-21,2026-09-22,21,CSAI,0.9495,3.305,Technology
2026-09-21,2026-09-22,22,IPST,0.949,2.76,Consumer Staples
2026-09-21,2026-09-22,23,CYPH,0.945,3.4,Health Care
2026-09-21,2026-09-22,24,FCUV,0.945,4.79,Industrials
2026-09-21,2026-09-22,25,BRR,0.9401,4.07,Finance
2026-09-22,2026-09-23,1,DFNS,1,8.35,Consumer Discretionary
2026-09-22,2026-09-23,2,JUNS,1,2.98,Health Care
2026-09-22,2026-09-23,3,AEMD,1,6.57,Health Care
2026-09-22,2026-09-23,4,QNCX,0.9995,31.35,Health Care
2026-09-22,2026-09-23,5,CXAI,0.9988,2.52,Technology
2026-09-22,2026-09-23,6,AMOD,0.9961,1.9,Miscellaneous
2026-09-22,2026-09-23,7,PFSA,0.9934,2.17,Health Care
2026-09-22,2026-09-23,8,INDP,0.9928,3.99,Health Care
2026-09-22,2026-09-23,9,FEAM,0.9904,2.94,Industrials
2026-09-22,2026-09-23,10,VEEA,0.9897,3.59,Technology
2026-09-22,2026-09-23,11,ETS,0.9871,1.65,Industrials
2026-09-22,2026-09-23,12,MNOV,0.9855,2.9,Health Care
2026-09-22,2026-09-23,13,XHLD,0.9847,11.73,Consumer Discretionary
2026-09-22,2026-09-23,14,IPDN,0.9823,3.9,Technology
2026-09-22,2026-09-23,15,HWH,0.9806,2.68,Health Care
2026-09-22,2026-09-23,16,FFAI,0.9792,1.42,Industrials
2026-09-22,2026-09-23,17,CSAI,0.9741,3.48,Technology
2026-09-22,2026-09-23,18,DBGI,0.9701,4.71,Consumer Discretionary
2026-09-22,2026-09-23,19,CYPH,0.9695,3.73,Health Care
2026-09-22,2026-09-23,20,GCTK,0.9686,2.22,Health Care
2026-09-22,2026-09-23,21,STI,0.9661,6.86,Miscellaneous
2026-09-22,2026-09-23,22,NOVTU,0.965,60.61,Miscellaneous
2026-09-22,2026-09-23,23,VBIO,0.9646,2.49,Health Care
2026-09-22,2026-09-23,24,SQFT,0.964,1.25,Real Estate
2026-09-22,2026-09-23,25,IPST,0.96,2.83,Consumer Staples
2026-09-23,2026-09-24,1,DFNS,1,7.87,Consumer Discretionary
2026-09-23,2026-09-24,2,GRML,1,11.19,Health Care
2026-09-23,2026-09-24,3,JUNS,1,2.97,Health Care
2026-09-23,2026-09-24,4,AEMD,0.9999,6.81,Health Care
2026-09-23,2026-09-24,5,AVAT,0.9999,2.21,Finance
2026-09-23,2026-09-24,6,GLND,0.9987,2.91,Energy
2026-09-23,2026-09-24,7,CXAI,0.9986,2.5,Technology
2026-09-23,2026-09-24,8,GCTK,0.9972,2.03,Health Care
2026-09-23,2026-09-24,9,HVII,0.9953,4.46,Uncategorized
2026-09-23,2026-09-24,10,VRME,0.9915,1.15,Technology
2026-09-23,2026-09-24,11,KIDZ,0.9873,2.815,Real Estate
2026-09-23,2026-09-24,12,XHLD,0.9868,12.08,Consumer Discretionary
2026-09-23,2026-09-24,13,VEEA,0.9835,3.22,Technology
2026-09-23,2026-09-24,14,ETS,0.9805,1.59,Industrials
2026-09-23,2026-09-24,15,GNPX,0.9796,3.75,Health Care
2026-09-23,2026-09-24,16,PFSA,0.9783,2.05,Health Care
2026-09-23,2026-09-24,17,AMOD,0.9704,1.66,Miscellaneous
2026-09-23,2026-09-24,18,DAIC,0.9655,3.33,Technology
2026-09-23,2026-09-24,19,VBIO,0.9649,2.73,Health Care
2026-09-23,2026-09-24,20,VEEE,0.9632,12.78,Industrials
2026-09-23,2026-09-24,21,SQFT,0.9626,1.37,Real Estate
2026-09-23,2026-09-24,22,CSAI,0.9591,3.47,Technology
2026-09-23,2026-09-24,23,MNOV,0.9556,2.8,Health Care
2026-09-23,2026-09-24,24,BKYI,0.9537,2.49,Technology
2026-09-23,2026-09-24,25,ALMS,0.9517,7.44,Health Care
2026-09-24,2026-09-25,1,DFNS,1,7.87,Consumer Discretionary
2026-09-24,2026-09-25,2,GRML,1,14.89,Health Care
2026-09-24,2026-09-25,3,JUNS,0.9999,2.885,Health Care
2026-09-24,2026-09-25,4,JAGX,0.9996,7.06,Health Care
2026-09-24,2026-09-25,5,AEMD,0.9995,6.77,Health Care
2026-09-24,2026-09-25,6,AVAT,0.9988,1.8,Finance
2026-09-24,2026-09-25,7,QNCX,0.9984,30,Health Care
2026-09-24,2026-09-25,8,CXAI,0.9982,2.58,Technology
2026-09-24,2026-09-25,9,GCTK,0.9968,2.58,Health Care
2026-09-24,2026-09-25,10,HVII,0.9957,4.46,Uncategorized
2026-09-24,2026-09-25,11,XXII,0.9944,1.51,Health Care
2026-09-24,2026-09-25,12,HCWB,0.9922,1.99,Health Care
2026-09-24,2026-09-25,13,VRME,0.989,1.17,Technology
2026-09-24,2026-09-25,14,XHLD,0.9846,12.7,Consumer Discretionary
2026-09-24,2026-09-25,15,INDP,0.9764,4,Health Care
2026-09-24,2026-09-25,16,CYPH,0.9748,4.08,Health Care
2026-09-24,2026-09-25,17,ETS,0.9732,1.63,Industrials
2026-09-24,2026-09-25,18,DBGI,0.972,5.13,Consumer Discretionary
2026-09-24,2026-09-25,19,VEEA,0.9718,3.04,Technology
2026-09-24,2026-09-25,20,VWAV,0.971,5.79,Technology
2026-09-24,2026-09-25,21,AIMD,0.9674,1.44,Technology
2026-09-24,2026-09-25,22,DAIC,0.962,3.41,Technology
2026-09-24,2026-09-25,23,ALMS,0.9607,7.29,Health Care
2026-09-24,2026-09-25,24,VEEE,0.9539,14.15,Industrials
2026-09-24,2026-09-25,25,FEAM,0.953,2.775,Industrials
2026-09-28,2026-09-29,1,DFNS,1,7.79,Consumer Discretionary
2026-09-28,2026-09-29,2,JAGX,0.9998,7.7,Health Care
2026-09-28,2026-09-29,3,JUNS,0.9992,2.67,Health Care
2026-09-28,2026-09-29,4,QNCX,0.9981,31,Health Care
2026-09-28,2026-09-29,5,AEMD,0.9978,6.28,Health Care
2026-09-28,2026-09-29,6,CXAI,0.9975,2.495,Technology
2026-09-28,2026-09-29,7,FFAI,0.9966,1.61,Industrials
2026-09-28,2026-09-29,8,AVAT,0.9964,1.84,Finance
2026-09-28,2026-09-29,9,AIXC,0.9936,1.73,Finance
2026-09-28,2026-09-29,10,WYY,0.9904,5.47,Technology
2026-09-28,2026-09-29,11,BENF,0.9845,1.46,Finance
2026-09-28,2026-09-29,12,XHLD,0.9836,12.95,Consumer Discretionary
2026-09-28,2026-09-29,13,GENVR,0.983,1.1,Technology
2026-09-28,2026-09-29,14,CLRO,0.9804,3.45,Utilities
2026-09-28,2026-09-29,15,ONCO,0.9771,1.03,Health Care
2026-09-28,2026-09-29,16,LONA,0.9749,3.25,Health Care
2026-09-28,2026-09-29,17,ALMS,0.9677,7.1,Health Care
2026-09-28,2026-09-29,18,DAIC,0.9655,3.2,Technology
2026-09-28,2026-09-29,19,ETS,0.9622,1.59,Industrials
2026-09-28,2026-09-29,20,VEEA,0.9609,3.08,Technology
2026-09-28,2026-09-29,21,CYPH,0.9574,4.12,Health Care
2026-09-28,2026-09-29,22,DBGI,0.9545,4.73,Consumer Discretionary
2026-09-28,2026-09-29,23,TNON,0.9528,3.13,Health Care
2026-09-28,2026-09-29,24,VEEE,0.9505,13.95,Industrials
2026-09-28,2026-09-29,25,INDP,0.9482,3.85,Health Care
2026-09-29,2026-09-30,1,DFNS,1,7.21,Consumer Discretionary
2026-09-29,2026-09-30,2,GLND,1,4.49,Energy
2026-09-29,2026-09-30,3,GLNDW,1,1.2199,Energy
2026-09-29,2026-09-30,4,GRML,0.9993,11.85,Health Care
2026-09-29,2026-09-30,5,NTRBW,0.999,1.66,Health Care
2026-09-29,2026-09-30,6,JAGX,0.999,6.02,Health Care
2026-09-29,2026-09-30,7,JUNS,0.9989,2.51,Health Care
2026-09-29,2026-09-30,8,QNCX,0.9981,29,Health Care
2026-09-29,2026-09-30,9,CXAI,0.9976,2.53,Technology
2026-09-29,2026-09-30,10,CSAI,0.9961,2.61,Technology
2026-09-29,2026-09-30,11,VWAV,0.9953,4.57,Technology
2026-09-29,2026-09-30,12,LABT,0.9934,1.15,Health Care
2026-09-29,2026-09-30,13,FFAI,0.9932,1.41,Industrials
2026-09-29,2026-09-30,14,AVAT,0.9919,1.67,Finance
2026-09-29,2026-09-30,15,AEMD,0.9911,6.38,Health Care
2026-09-29,2026-09-30,16,LONA,0.9872,2.87,Health Care
2026-09-29,2026-09-30,17,AIXC,0.9863,1.66,Finance
2026-09-29,2026-09-30,18,SCYX,0.9686,4.62,Health Care
2026-09-29,2026-09-30,19,NCPL,0.9647,1.08,Finance
2026-09-29,2026-09-30,20,BENF,0.9632,1.42,Finance
2026-09-29,2026-09-30,21,ETS,0.9607,1.64,Industrials
2026-09-29,2026-09-30,22,DAIC,0.9598,3.26,Technology
2026-09-29,2026-09-30,23,APH,0.9584,84.62,Technology
2026-09-29,2026-09-30,24,FCUV,0.9559,4.98,Industrials
2026-09-29,2026-09-30,25,SRZN,0.9549,29.64,Health Care
2026-09-30,2026-10-01,1,DFNS,1,6.74,Consumer Discretionary
2026-09-30,2026-10-01,2,OPI,1,15.95,Finance
2026-09-30,2026-10-01,3,KITT,1,1.86,Industrials
2026-09-30,2026-10-01,4,GLND,0.9999,4.75,Energy
2026-09-30,2026-10-01,5,GLNDW,0.9997,1.12,Energy
2026-09-30,2026-10-01,6,JUNS,0.9988,2.58,Health Care
2026-09-30,2026-10-01,7,QNCX,0.9981,31.17,Health Care
2026-09-30,2026-10-01,8,JAGX,0.998,5.32,Health Care
2026-09-30,2026-10-01,9,CXAI,0.998,2.53,Technology
2026-09-30,2026-10-01,10,GRML,0.9958,10.375,Health Care
2026-09-30,2026-10-01,11,WFCF,0.9897,10.9,Technology
2026-09-30,2026-10-01,12,AVAT,0.9891,1.9,Finance
2026-09-30,2026-10-01,13,NCPL,0.984,1.22,Finance
2026-09-30,2026-10-01,14,AIXC,0.9799,1.66,Finance
2026-09-30,2026-10-01,15,SRFM,0.9768,1.2,Consumer Discretionary
2026-09-30,2026-10-01,16,AEMD,0.9725,6.38,Health Care
2026-09-30,2026-10-01,17,ONFO,0.97,1.03,Technology
2026-09-30,2026-10-01,18,APH,0.9685,84.34,Technology
2026-09-30,2026-10-01,19,VEEA,0.9674,2.5,Technology
2026-09-30,2026-10-01,20,EEIQ,0.9658,5.6,Real Estate
2026-09-30,2026-10-01,21,BENF,0.9606,1.41,Finance
2026-09-30,2026-10-01,22,FCUV,0.9578,4.76,Industrials
2026-09-30,2026-10-01,23,DAIC,0.9559,2.82,Technology
2026-09-30,2026-10-01,24,FFAI,0.9557,1.3,Industrials
2026-09-30,2026-10-01,25,DNA,0.9531,11.96,Health Care
2026-10-01,2026-10-02,1,MTNB,1,2.55,Health Care
2026-10-01,2026-10-02,2,DFNS,1,6.43,Consumer Discretionary
2026-10-01,2026-10-02,3,OPI,1,15.93,Finance
2026-10-01,2026-10-02,4,KITT,1,1.91,Industrials
2026-10-01,2026-10-02,5,KOD,0.9999,94.8,Health Care
2026-10-01,2026-10-02,6,GLND,0.9996,5.13,Energy
2026-10-01,2026-10-02,7,GLNDW,0.999,1.17,Energy
2026-10-01,2026-10-02,8,JAGX,0.9986,4.5,Health Care
2026-10-01,2026-10-02,9,CXAI,0.9985,2.54,Technology
2026-10-01,2026-10-02,10,JUNS,0.9981,2.44,Health Care
2026-10-01,2026-10-02,11,NTRBW,0.9979,1.73,Health Care
2026-10-01,2026-10-02,12,QNCX,0.9964,31.01,Health Care
2026-10-01,2026-10-02,13,YDES,0.9931,7.42,Health Care
2026-10-01,2026-10-02,14,VBIO,0.9915,2.8,Health Care
2026-10-01,2026-10-02,15,GRML,0.991,10.62,Health Care
2026-10-01,2026-10-02,16,NCPL,0.9777,1.24,Finance
2026-10-01,2026-10-02,17,AVAT,0.9756,1.83,Finance
2026-10-01,2026-10-02,18,LQDA,0.9715,30.26,Health Care
2026-10-01,2026-10-02,19,SRFM,0.9711,1.2,Consumer Discretionary
2026-10-01,2026-10-02,20,BENF,0.9655,1.36,Finance
2026-10-01,2026-10-02,21,VEEA,0.9615,2.17,Technology
2026-10-01,2026-10-02,22,FCUV,0.9572,4.15,Industrials
2026-10-01,2026-10-02,23,RFL,0.9556,1.32,Health Care
2026-10-01,2026-10-02,24,DAIC,0.9553,2.68,Technology
2026-10-01,2026-10-02,25,REBN,0.9548,1.6,Consumer Discretionary
2026-10-02,2026-10-03,1,DFNS,1,6.86,Consumer Discretionary
2026-10-02,2026-10-03,2,MTNB,1,2.42,Health Care
2026-10-02,2026-10-03,3,SDEV,1,3.66,Health Care
2026-10-02,2026-10-03,4,KOD,0.9998,98.46,Health Care
2026-10-02,2026-10-03,5,KITT,0.9995,1.58,Industrials
2026-10-02,2026-10-03,6,JAGX,0.9991,3.95,Health Care
2026-10-02,2026-10-03,7,CTVA,0.9986,12.57,Consumer Staples
2026-10-02,2026-10-03,8,JUNS,0.9981,2.5,Health Care
2026-10-02,2026-10-03,9,GLND,0.9965,4.4,Energy
2026-10-02,2026-10-03,10,GLNDW,0.9963,1.11,Energy
2026-10-02,2026-10-03,11,CXAI,0.9963,2.43,Technology
2026-10-02,2026-10-03,12,QNCX,0.9955,30.68,Health Care
2026-10-02,2026-10-03,13,YDES,0.994,7.81,Health Care
2026-10-02,2026-10-03,14,AMOD,0.9936,1.17,Miscellaneous
2026-10-02,2026-10-03,15,BENF,0.9858,1.51,Finance
2026-10-02,2026-10-03,16,REBN,0.9813,1.73,Consumer Discretionary
2026-10-02,2026-10-03,17,FCUV,0.9786,4.495,Industrials
2026-10-02,2026-10-03,18,GRML,0.9743,9.11,Health Care
2026-10-02,2026-10-03,19,LQDA,0.9712,27.99,Health Care
2026-10-02,2026-10-03,20,FHTX,0.9668,2.92,Health Care
2026-10-02,2026-10-03,21,NAUT,0.9634,1.57,Industrials
2026-10-02,2026-10-03,22,AVAT,0.9597,1.8,Finance
2026-10-02,2026-10-03,23,WFCF,0.9544,12.94,Technology
2026-10-02,2026-10-03,24,CDT,0.9498,1.25,Health Care
2026-10-02,2026-10-03,25,IPW,0.9493,1.1401,Consumer Discretionary
2026-10-05,2026-10-06,1,SHFS,1,1.18,Finance
2026-10-05,2026-10-06,2,DFNS,1,7.34,Consumer Discretionary
2026-10-05,2026-10-06,3,MTNB,1,2.64,Health Care
2026-10-05,2026-10-06,4,JAGX,0.9995,3.66,Health Care
2026-10-05,2026-10-06,5,CTVA,0.9989,11.92,Consumer Staples
2026-10-05,2026-10-06,6,KOD,0.9983,94.45,Health Care
2026-10-05,2026-10-06,7,KITT,0.9981,1.52,Industrials
2026-10-05,2026-10-06,8,JUNS,0.9974,2.55,Health Care
2026-10-05,2026-10-06,9,QNCX,0.9957,29.2,Health Care
2026-10-05,2026-10-06,10,CXAI,0.995,2.33,Technology
2026-10-05,2026-10-06,11,YDES,0.9894,8.11,Health Care
2026-10-05,2026-10-06,12,FEAM,0.9879,3.88,Industrials
2026-10-05,2026-10-06,13,FCUV,0.9849,4.385,Industrials
2026-10-05,2026-10-06,14,GLND,0.9849,3.73,Energy
2026-10-05,2026-10-06,15,PACB,0.9816,2.54,Industrials
2026-10-05,2026-10-06,16,BENF,0.9816,1.43,Finance
2026-10-05,2026-10-06,17,NCPL,0.9793,1.4,Finance
2026-10-05,2026-10-06,18,ICU,0.9724,4.69,Health Care
2026-10-05,2026-10-06,19,DAIC,0.9654,2.79,Technology
2026-10-05,2026-10-06,20,AEMD,0.9605,6.45,Health Care
2026-10-05,2026-10-06,21,TNON,0.9583,3.7,Health Care
2026-10-05,2026-10-06,22,OPTXW,0.9553,2.31,Technology
2026-10-05,2026-10-06,23,GRML,0.9538,7.88,Health Care
2026-10-05,2026-10-06,24,SILO,0.9527,1.458,Health Care
2026-10-05,2026-10-06,25,OPTT,0.9325,1.02,Utilities
2026-10-06,2026-10-07,1,MYPS,1,4.75,Technology
2026-10-06,2026-10-07,2,KUST,1,4.51,Technology
2026-10-06,2026-10-07,3,DFNS,1,6.78,Consumer Discretionary
2026-10-06,2026-10-07,4,SDEV,1,3.94,Health Care
2026-10-06,2026-10-07,5,JAGX,0.9997,4.73,Health Care
2026-10-06,2026-10-07,6,CTVA,0.9985,12.39,Consumer Staples
2026-10-06,2026-10-07,7,JUNS,0.9966,2.42,Health Care
2026-10-06,2026-10-07,8,KITT,0.9964,1.48,Industrials
2026-10-06,2026-10-07,9,KOD,0.9961,93.81,Health Care
2026-10-06,2026-10-07,10,REBN,0.996,2,Consumer Discretionary
2026-10-06,2026-10-07,11,NAUT,0.995,1.87,Industrials
2026-10-06,2026-10-07,12,CXAI,0.9944,2.09,Technology
2026-10-06,2026-10-07,13,PACB,0.9929,2.87,Industrials
2026-10-06,2026-10-07,14,QNCX,0.9928,28.1,Health Care
2026-10-06,2026-10-07,15,MTNB,0.9886,2.82,Health Care
2026-10-06,2026-10-07,16,NCPL,0.9855,1.32,Finance
2026-10-06,2026-10-07,17,DNA,0.9819,14.98,Health Care
2026-10-06,2026-10-07,18,BENF,0.9812,1.31,Finance
2026-10-06,2026-10-07,19,QSI,0.9809,1.28,Industrials
2026-10-06,2026-10-07,20,ALEC,0.9744,1.99,Health Care
2026-10-06,2026-10-07,21,OPTXW,0.9705,2.45,Technology
2026-10-06,2026-10-07,22,YDES,0.9581,7.11,Health Care
2026-10-06,2026-10-07,23,GLND,0.9569,3.71,Energy
2026-10-06,2026-10-07,24,DAIC,0.9513,2.59,Technology
2026-10-06,2026-10-07,25,TNON,0.9496,3.7,Health Care
2026-10-07,2026-10-08,1,DFNS,1,6.7,Consumer Discretionary
2026-10-07,2026-10-08,2,KUST,1,4.57,Technology
2026-10-07,2026-10-08,3,MYPS,1,4.58,Technology
2026-10-07,2026-10-08,4,XRPNW,1,3.8699,Finance
2026-10-07,2026-10-08,5,SDEV,1,3.25,Health Care
2026-10-07,2026-10-08,6,JUNS,0.9998,2.86,Health Care
2026-10-07,2026-10-08,7,XRPN,0.9995,19.2,Finance
2026-10-07,2026-10-08,8,REBN,0.9949,2.1,Consumer Discretionary
2026-10-07,2026-10-08,9,KITT,0.9938,1.54,Industrials
2026-10-07,2026-10-08,10,QNCX,0.9891,26.81,Health Care
2026-10-07,2026-10-08,11,KOD,0.9882,92.34,Health Care
2026-10-07,2026-10-08,12,CXAI,0.988,1.86,Technology
2026-10-07,2026-10-08,13,CTVA,0.9877,13.91,Consumer Staples
2026-10-07,2026-10-08,14,BENF,0.9849,1.25,Finance
2026-10-07,2026-10-08,15,NAUT,0.9801,1.77,Industrials
2026-10-07,2026-10-08,16,AMOD,0.9797,2.5,Miscellaneous
2026-10-07,2026-10-08,17,PACB,0.9785,2.7,Industrials
2026-10-07,2026-10-08,18,GLND,0.9763,3,Energy
2026-10-07,2026-10-08,19,QSI,0.9736,1.22,Industrials
2026-10-07,2026-10-08,20,CVM,0.9721,2.74,Health Care
2026-10-07,2026-10-08,21,NCPL,0.9707,1.09,Finance
2026-10-07,2026-10-08,22,OPTT,0.9696,1.06,Utilities
2026-10-07,2026-10-08,23,GRML,0.9679,6.38,Health Care
2026-10-07,2026-10-08,24,MTNB,0.9675,3.01,Health Care
2026-10-07,2026-10-08,25,SXTP,0.9627,1.11,Health Care
