date,symbol,industry,entry,rulesPassed,score,ret5,ret10,ret20,maxRunup10,maxDrawdown10,win10
2026-08-15,AGNCM,Real Estate,25.24,7,38.25,0,-0.32,0.64,0.12,-0.42,false
2026-08-15,OGN,Health Care,13.72,7,30.25,0.15,0.29,-0.62,0.33,-0.29,true
2026-08-15,MFAN,Real Estate,25.1,4,23.33,0.16,0.72,0.48,0.72,0,true
2026-08-17,AGNCM,Real Estate,25.24,7,38.25,0.04,-0.59,0.93,0.12,-0.59,false
2026-08-17,OGN,Health Care,13.72,7,30.25,0.22,0.26,-0.58,0.33,-0.29,true
2026-08-17,MFAN,Real Estate,25.1,4,23.33,0.44,0.3,0.28,0.72,0,true
2026-08-18,AGNCM,Real Estate,25.14,7,36.25,0.54,0.42,1.13,0.54,-0.18,true
2026-08-18,OGN,Health Care,13.7,7,28.25,0.36,0.51,-0.18,0.51,-0.15,true
2026-08-18,MFAN,Real Estate,25.1,4,21.33,0.36,0.8,0.28,0.8,0.16,true
2026-08-19,AGNCM,Real Estate,25.24,7,36.25,0.12,-0.2,0.87,0.12,-0.6,false
2026-08-19,OGN,Health Care,13.68,7,28.25,0.51,0.62,0,0.66,0.37,true
2026-08-19,AES,Utilities,14.74,7,25.66,-0.07,0.14,0.44,0.2,-0.27,true
2026-08-19,MFAN,Real Estate,25.16,4,21.33,0,0.56,-0.04,0.56,-0.08,true
2026-08-20,OGN,Health Care,13.73,7,28.25,0.25,0.33,-0.44,0.33,0.07,true
2026-08-20,AES,Utilities,14.7,7,25.66,0.17,0.82,0.75,0.82,0.17,true
2026-08-20,MFAN,Real Estate,25.18,4,21.33,0.3,0.48,0,0.48,-0.16,true
2026-08-21,AGNCM,Real Estate,25.24,7,38.38,-0.32,-0.03,0.55,0.12,-0.59,false
2026-08-21,ELC,Utilities,19.78,4,30.87,0.1,-1.72,-1.97,0.96,-1.72,false
2026-08-21,OGN,Health Care,13.74,7,28.25,0.15,0.25,-0.36,0.25,0.07,true
2026-08-21,DBRG,Real Estate,15.91,7,24,0.13,0.25,0,0.44,0.03,true
2026-08-21,RAMP,Technology,37.65,7,21.26,0.24,0.28,0.64,0.4,-0.19,true
2026-08-24,AGNCM,Real Estate,25.25,7,36.38,-0.63,0.1,0.55,0.1,-0.63,true
2026-08-24,ELC,Utilities,19.68,4,30.87,-0.72,-1.33,-1.58,1.47,-1.33,false
2026-08-24,HCXY,Finance,24.95,4,26.39,0.36,0.28,-0.04,0.92,-0.35,true
2026-08-24,OGN,Health Care,13.75,7,26.25,0.04,0.22,-0.51,0.22,0,true
2026-08-24,MFAN,Real Estate,25.21,7,24.25,-0.14,0.36,-0.02,0.56,-0.2,true
2026-08-24,RAMP,Technology,37.58,7,21.26,0.48,0.45,0.21,0.59,0.13,true
2026-08-25,AGNCM,Real Estate,25.27,7,36.38,-0.12,0.02,0.32,0.02,-0.71,true
2026-08-25,HCXY,Finance,24.86,4,26.39,0.23,0.63,0.63,1.27,0.23,true
2026-08-25,OGN,Health Care,13.75,7,26.25,0.15,0.18,-0.51,0.22,0,true
2026-08-25,RAMP,Technology,37.63,7,21.62,0.33,0.24,-0.05,0.45,0.24,true
2026-08-26,AGNCM,Real Estate,25.27,7,36.38,-0.32,-0.36,0.39,0.02,-0.72,false
2026-08-26,ONBPP,Finance,24.89,4,29.41,-0.16,0.44,-0.72,0.44,-0.36,true
2026-08-26,OGN,Health Care,13.75,7,26.25,0.11,-0.04,-0.36,0.22,-0.04,false
2026-08-26,RAMP,Technology,37.72,7,21.62,0.07,0.04,-0.45,0.21,0,true
2026-08-27,PEN,Health Care,321.83,4,32.69,0.29,-0.91,-0.74,0.64,-0.91,false
2026-08-27,ONBPP,Finance,24.91,4,29.41,0.09,-0.04,-0.08,0.37,-0.44,false
2026-08-27,OGN,Health Care,13.77,7,26.25,0.07,-0.8,-0.25,0.11,-0.8,false
2026-08-27,RAMP,Technology,37.78,7,21.62,0.05,-0.01,-0.9,0.05,-0.16,false
2026-08-28,PEN,Health Care,321.68,4,32.69,0.1,-1.08,-0.61,0.69,-1.08,false
2026-08-28,ONBPP,Finance,24.94,4,29.41,0.05,0.19,-0.21,0.25,-0.56,true
2026-08-28,HCXY,Finance,24.99,4,26.69,0.12,0.46,0.04,0.76,-0.28,true
2026-08-31,SLAB,Technology,219.01,7,31.71,0.72,0.27,1.02,1.16,-0.03,true
2026-08-31,HCXY,Finance,25.04,4,26.69,-0.08,-0.02,-0.16,0.56,-0.48,false
2026-08-31,RAMP,Technology,37.76,7,24.4,-0.03,-0.23,-0.69,0.11,-0.23,false
2026-09-01,PEN,Health Care,322.81,4,34.27,-0.47,-1.27,-1.12,0.34,-1.42,false
2026-09-01,OGN,Health Care,13.77,7,26.65,0.04,-0.69,-0.29,0.07,-0.98,false
2026-09-01,RAMP,Technology,37.76,7,25.5,-0.09,-0.34,-0.33,0.12,-0.34,false
2026-09-02,PEN,Health Care,323.89,4,37.2,-1.07,-1.54,-1.55,-0.35,-1.75,false
2026-09-02,SLAB,Technology,219.12,7,34.62,0.34,0.51,0.94,1.11,-0.01,true
2026-09-02,RAMP,Technology,37.74,7,23.5,-0.03,0.11,-0.25,0.15,-0.32,true
2026-09-03,AGNCM,Real Estate,25.25,7,36.01,0.4,0.51,-0.16,0.89,-0.28,true
2026-09-03,SLAB,Technology,220.09,7,34.62,-0.25,-0.17,0.68,0.67,-0.45,false
2026-09-03,ELC,Utilities,19.46,4,27.48,1.18,-0.36,-3.96,1.18,-0.67,false
2026-09-03,OGN,Health Care,13.78,7,26,-0.87,-0.76,-0.54,0.04,-1.02,false
2026-09-04,SLAB,Technology,221.56,7,32.62,-1.11,-0.84,0.43,-0.44,-1.11,false
2026-09-04,ELC,Utilities,19.44,4,27.48,-0.1,-0.26,-3.45,1.29,-0.57,false
2026-09-04,OGN,Health Care,13.78,7,26,-1.02,-0.62,-0.47,0.04,-1.02,false
2026-09-07,AGNCM,Real Estate,25.28,7,38.14,0.79,0.45,-1.64,0.79,-0.38,true
2026-09-07,ELC,Utilities,19.42,4,27.48,-0.46,-0.26,-3.04,1.39,-0.46,false
2026-09-07,OGN,Health Care,13.78,7,26,-1.02,-0.73,-0.44,-0.04,-1.05,false
2026-09-08,AGNCM,Real Estate,25.28,7,38.14,0.57,0.3,-1.4,0.79,-0.38,true
2026-09-08,PEN,Health Care,321.29,4,37.73,-0.8,-0.78,-1.3,-0.26,-1.15,false
2026-09-08,HCXY,Finance,25.02,4,26.82,-0.01,0,-0.44,0.34,-0.4,false
2026-09-08,ELC,Utilities,19.42,4,25.48,-0.21,-0.57,-3.35,1.39,-0.57,false
2026-09-09,AGNCM,Real Estate,25.18,7,36.14,1.11,0.76,-1.91,1.17,0.68,true
2026-09-09,PEN,Health Care,320.44,4,35.73,-0.48,-0.33,-1.06,-0.22,-0.88,false
2026-09-09,HCXY,Finance,25,4,26.82,-0.24,0.52,-1.72,0.52,-0.32,true
2026-09-09,ELC,Utilities,19.47,4,25.48,-0.1,-1.69,-3.44,1.13,-1.69,false
2026-09-10,PEN,Health Care,318.92,4,35.73,-0.16,0.16,-0.8,0.25,-0.41,true
2026-09-10,AGNCM,Real Estate,25.35,7,34.14,0.12,-0.67,-4.04,0.49,-0.67,false
2026-09-10,HCXY,Finance,24.92,4,26.82,0.72,0.32,-2.09,0.84,0.08,true
2026-09-10,ELC,Utilities,19.69,4,23.48,-1.52,-4.11,-6.25,-1.22,-4.11,false
2026-09-11,AGNCM,Real Estate,25.4,7,34.14,-0.08,-0.95,,0.29,-0.95,false
2026-09-11,PEN,Health Care,318.21,4,33.73,0.21,0.47,,0.47,-0.19,true
2026-09-11,MFAN,Real Estate,25.22,7,25.22,-0.08,-0.28,,0.04,-0.28,false
2026-09-11,ELC,Utilities,19.42,4,23.48,-0.15,-3.19,,0.15,-3.19,false
2026-09-11,AES,Utilities,14.81,7,22.84,0.27,0.27,,0.27,-0.03,true
2026-09-14,AGNCM,Real Estate,25.48,7,34.14,-0.33,-0.88,,-0.06,-1.24,false
2026-09-14,DBRG,Real Estate,15.93,7,28.67,-0.28,0.35,,0.41,-0.47,true
2026-09-14,TXNM,Utilities,57.76,4,27.54,1.18,1.32,,1.51,0.45,true
2026-09-14,MFAN,Real Estate,25.17,4,25.58,0.14,-0.04,,0.24,-0.08,false
2026-09-14,ELC,Utilities,19.33,4,23.48,0.21,-3.31,,0.62,-3.31,false
2026-09-14,AES,Utilities,14.83,7,22.84,0.03,0.3,,0.3,-0.13,true
2026-09-15,SLAB,Technology,219.5,7,32.38,0.62,0.7,,1.13,0.09,true
2026-09-15,EAI,Utilities,19.42,4,27.24,-0.05,-2.94,,0.72,-3.53,false
2026-09-15,MFAN,Real Estate,25.17,4,23.58,0.12,-0.16,,0.24,-0.16,false
2026-09-16,VRSN,Technology,299.45,7,12.25,-0.01,-6.55,,2.92,-6.55,false
2026-09-16,ELV,Health Care,418.22,7,12.04,-3.77,-6.09,,-0.95,-6.09,false
2026-09-16,SR,Utilities,80.82,4,8.26,-2.87,-5.01,,-0.59,-5.01,false
2026-09-17,ELV,Health Care,412.56,7,12.04,-3.39,-5.75,,0.41,-5.75,false
2026-09-17,INVX,Consumer Discretionary,29.33,7,11.74,-3.1,-7.88,,-0.55,-7.88,false
2026-09-18,ELV,Health Care,414.26,7,12.04,-3.86,-7.87,,-0.8,-7.87,false
2026-09-18,INVX,Consumer Discretionary,29.17,7,11.74,-2.09,-5.66,,-1.06,-7.37,false
2026-09-18,ADM,Consumer Staples,88.09,7,11.44,-7.05,-9.73,,-3.3,-9.89,false
2026-09-21,LOGI,Technology,101.2,7,12.31,-0.11,3.08,,4.57,-1.62,true
2026-09-21,ADM,Consumer Staples,85.18,7,11.44,-4.77,-5.55,,-2.11,-6.81,false
2026-09-22,ARW,Technology,219.1,7,14.43,5.18,9.64,,10.46,1.25,true
2026-09-22,LOGI,Technology,105.12,7,12.31,-4.56,-3.56,,0.67,-5.29,false
2026-09-22,ADM,Consumer Staples,83.38,7,11.44,-3.6,-1.09,,-1.09,-4.8,false
2026-09-23,ARW,Technology,221.83,7,14.43,3.79,8.37,,9.1,2.25,true
2026-09-23,LOGI,Technology,105.82,7,12.31,-4.87,-3.22,,-1.11,-5.92,false
2026-09-23,ADM,Consumer Staples,82.34,7,11.44,-3.57,-0.16,,0.16,-3.59,false
2026-09-24,ARW,Technology,226.82,7,14.43,0.08,2.28,,6.7,0.08,true
2026-09-24,LOGI,Technology,104.65,7,12.31,-3.5,-2.36,,-0.32,-4.86,false
2026-09-28,ARW,Technology,227.33,7,14.43,1.89,,,6.46,-0.15,
2026-09-29,ARW,Technology,232.8,7,14.43,3.96,,,3.96,-2.49,
2026-10-06,RS,Industrials,400.31,7,11.56,,,,1.98,-1.02,
