symbol,name,price,open,high,low,close,marketCap,volume,industry
WELL,Welltower Inc. Common Stock,224.16,223.94000244140625,227.22000122070312,222.22000122070312,225.77999877929688,161562188216.0,2449217,Real Estate
PLD,Prologis Inc. Common Stock,128.08,128.25,129.69000244140625,127.61000061035156,128.67999267578125,121429574080.0,2783401,Real Estate
EQIX,Equinix Inc. Common Stock REIT,1023.44,1036.5999755859375,1052.3199462890625,1034.239990234375,1047.3599853515625,100984550320.0,368837,Real Estate
AMT,American Tower Corporation (REIT) Common Stock,162.26,162.86000061035156,165.24000549316406,162.4199981689453,164.77999877929688,75606677388.0,2506068,Real Estate
DLR,Digital Realty Trust Inc. Common Stock,179.87,181.6699981689453,185.10000610351562,181.00999450683594,184.64999389648438,66558406977.0,1517927,Real Estate
SPG,Simon Property Group Inc. Common Stock,201.4,201.5,203.32000732421875,200.75,201.74000549316406,65163275121.0,1040899,Real Estate
PSA,Public Storage Common Stock,281.66,283.1400146484375,287.7200012207031,281.6400146484375,285.8500061035156,52628817410.0,862281,Real Estate
O,Realty Income Corporation Common Stock,53.77,54.0,54.369998931884766,53.88999938964844,54.25,50878143634.0,8211206,Real Estate
VMRK,Vivmark Residential Common Shares of Beneficial Interest,60.09,59.83000183105469,60.93000030517578,59.83000183105469,60.369998931884766,47320875000.0,6674680,Real Estate
VTR,Ventas Inc. Common Stock,81.36,81.4800033569336,82.06999969482422,80.7699966430664,81.86000061035156,41733315768.0,7569484,Real Estate
IRM,Iron Mountain Incorporated (Delaware)Common Stock REIT,112.33,113.95999908447266,117.41000366210938,113.95999908447266,116.5,33440956872.0,1818315,Real Estate
AGNCN,AGNC Investment Corp. Depositary Shares Each Representing a 1/1000th Interest in a Share of 7.00% Series C Fixed-To-Floating Rate Cumulative Redeemable Preferred Stock,25.3414,25.479999542236328,25.479999542236328,25.290000915527344,25.31999969482422,30041759541.0,28808,Real Estate
AGNCO,AGNC Investment Corp. Depositary Shares each representing a 1/1000th interest in a share of 6.50% Series E Fixed-to-Floating Cumulative Redeemable Preferred Stock,25.19,25.149999618530273,25.238000869750977,25.110000610351562,25.1299991607666,29862277650.0,22797,Real Estate
AGNCL,AGNC Investment Corp. Depositary Shares Each Representing a 1/1000th Interest in a Share of 7.75% Series G Fixed-Rate Reset Cumulative Redeemable Preferred Stock,25.12,25.170000076293945,25.260000228881836,25.12299919128418,25.149999618530273,29779293949.0,21782,Real Estate
AGNCM,AGNC Investment Corp. Depositary Shares rep 6.875% Series D Fixed-to-Floating Cumulative Redeemable Preferred Stock,24.92,24.770000457763672,24.88800048828125,24.700000762939453,24.700000762939453,29542197659.0,33600,Real Estate
AGNCP,AGNC Investment Corp. Depositary Shares Each Representing a 1/1000th Interest in a Share of 6.125% Series F Fixed-to-Floating Rate Cumulative Redeemable Preferred Stock,24.83,24.81999969482422,24.940000534057617,24.667999267578125,24.68000030517578,29435504329.0,134530,Real Estate
AGNCZ,AGNC Investment Corp. Depositary Shares Each Representing a 1/1000th Interest in a Share of 8.75% Series H Fixed-Rate Cumulative Redeemable Preferred Stock,24.66,24.610000610351562,24.84000015258789,24.40999984741211,24.479999542236328,29233972483.0,165264,Real Estate
CCI,Crown Castle Inc. Common Stock,67.58,67.87000274658203,68.69999694824219,67.54000091552734,68.27999877929688,28752278568.0,3258030,Real Estate
EXR,Extra Space Storage Inc Common Stock,132.91,133.4499969482422,135.5399932861328,132.91000366210938,133.88999938964844,28079836954.0,1118329,Real Estate
VICI,VICI Properties Inc. Common Stock,22.53,22.579999923706055,22.889999389648438,22.559999465942383,22.729999542236328,24807277472.0,8932061,Real Estate
ESS,Essex Property Trust Inc. Common Stock,271.93,272.3699951171875,276.8500061035156,271.57000732421875,272.489990234375,17476516617.0,437664,Real Estate
SBAC,SBA Communications Corporation Class A Common Stock,161.82,162.5,170.17999267578125,162.07000732421875,169.6999969482422,17167177960.0,848666,Real Estate
HST,Host Hotels & Resorts Inc. Common Stock,22.44,22.579999923706055,22.809999465942383,22.420000076293945,22.479999542236328,15374191514.0,10854426,Real Estate
KIM,Kimco Realty Corporation (HC) Common Stock,22.03,22.0,22.229999542236328,22.0,22.139999389648438,14777489887.0,5008487,Real Estate
LAMR,Lamar Advertising Company Class A Common Stock,143.93,143.6199951171875,145.0500030517578,143.0,144.74000549316406,14616046018.0,897592,Real Estate
WPC,W. P. Carey Inc. REIT,63.93,64.0,64.58000183105469,63.75,64.01000213623047,14564333074.0,2175631,Real Estate
NLY,Annaly Capital Management Inc. Common Stock,18.27,18.31999969482422,18.43000030517578,18.15999984741211,18.420000076293945,13770362855.0,15427993,Real Estate
OHI,Omega Healthcare Investors Inc. Common Stock,45.36,45.34000015258789,45.560001373291016,44.459999084472656,44.77000045776367,13744669680.0,3865337,Real Estate
SUI,Sun Communities Inc. Common Stock,111.84,111.94000244140625,113.29000091552734,111.83999633789062,112.06999969482422,13622219031.0,1284019,Real Estate
MAA,Mid-America Apartment Communities Inc. Common Stock,116.47,116.70999908447266,118.61000061035156,115.95999908447266,116.98999786376953,13513077332.0,1587462,Real Estate
WY,Weyerhaeuser Company Common Stock,18.49,18.450000762939453,18.639999389648438,18.280000686645508,18.600000381469727,13326408640.0,7636956,Real Estate
REG,Regency Centers Corporation Common Stock,71.33,71.2300033569336,71.86000061035156,71.06999969482422,71.41999816894531,13061988618.0,1517859,Real Estate
DOC,Healthpeak Properties Inc. Common Stock,18.84,18.860000610351562,19.18000030517578,18.799999237060547,19.0,12990693578.0,7009613,Real Estate
AHR,American Healthcare REIT Inc. Common Stock,50.47,50.599998474121094,50.849998474121094,50.02000045776367,50.4900016784668,11768857044.0,4046142,Real Estate
ELS,Equity Lifestyle Properties Inc. Common Stock,58.49,58.41999816894531,59.279998779296875,58.36000061035156,58.7400016784668,11350839565.0,2087494,Real Estate
GLPI,Gaming and Leisure Properties Inc. Common Stock,37.91,37.8650016784668,38.4900016784668,37.83000183105469,38.08000183105469,11028778830.0,3669058,Real Estate
UDR,UDR Inc. Common Stock,33.84,33.900001525878906,34.29999923706055,33.790000915527344,33.90999984741211,10871581272.0,3628302,Real Estate
AMH,American Homes 4 Rent Common Shares of Beneficial Interest,30.08,30.15999984741211,30.670000076293945,30.139999389648438,30.469999313354492,10804132716.0,3686986,Real Estate
EGP,EastGroup Properties Inc. Common Stock,195.84,196.02000427246094,196.02000427246094,192.82000732421875,192.86000061035156,10530966401.0,608259,Real Estate
AGNC,AGNC Investment Corp. Common Stock,8.65,8.699999809265137,8.729999542236328,8.59000015258789,8.699999809265137,10254414517.0,43352832,Real Estate
CPT,Camden Property Trust Common Stock,97.37,97.23999786376953,99.05999755859375,97.23999786376953,97.6500015258789,9789516510.0,960302,Real Estate
BXP,BXP Inc. Common Stock,59.37,59.54999923706055,60.20000076293945,59.27000045776367,59.790000915527344,9479106580.0,1458661,Real Estate
FRT,Federal Realty Investment Trust Common Stock,105.97,105.94999694824219,107.16000366210938,105.77999877929688,106.19999694824219,9207641424.0,852456,Real Estate
JAN,Janus Living Inc. Class A-1 Common Stock,28.75,28.719999313354492,29.040000915527344,28.420000076293945,28.559999465942383,8920859810.0,1117288,Real Estate
CTRE,CareTrust REIT Inc. Common Stock,36.2,36.29999923706055,36.6150016784668,36.119998931884766,36.54999923706055,8553813804.0,3599848,Real Estate
CUBE,CubeSmart Common Shares,37.19,37.400001525878906,38.06999969482422,37.310001373291016,37.7599983215332,8373784189.0,3211629,Real Estate
RHP,Ryman Hospitality Properties Inc. (REIT),120.62,120.98999786376953,122.83999633789062,120.41999816894531,120.91000366210938,8320772280.0,585566,Real Estate
BRX,Brixmor Property Group Inc. Common Stock,27.05,27.149999618530273,27.5,27.09000015258789,27.459999084472656,8300896148.0,3991556,Real Estate
REXR,Rexford Industrial Realty Inc. Common Stock,36.69,36.709999084472656,37.099998474121094,36.52000045776367,36.79999923706055,8181434270.0,3454170,Real Estate
ADC,Agree Realty Corporation Common Stock,65.58,65.5,66.08999633789062,65.5,65.79000091552734,8156795150.0,2652513,Real Estate
ARE,Alexandria Real Estate Equities Inc. Common Stock,45.88,46.119998931884766,47.119998931884766,45.790000915527344,45.91999816894531,7994478512.0,2283172,Real Estate
LINE,Lineage Inc. Common Stock,34.98,34.97999954223633,35.1349983215332,34.125,34.439998626708984,7965296220.0,1675534,Real Estate
FR,First Industrial Realty Trust Inc. Common Stock,59.22,58.2599983215332,59.810001373291016,58.2599983215332,59.2599983215332,7850969862.0,1615147,Real Estate
NNN,NNN REIT Inc. Common Stock,40.38,40.470001220703125,40.7400016784668,40.31999969482422,40.5099983215332,7750189932.0,2891970,Real Estate
STAG,Stag Industrial Inc. Common Stock,36.05,36.08000183105469,36.38999938964844,35.9900016784668,36.119998931884766,6950740260.0,1705599,Real Estate
MAC,Macerich Company (The) Common Stock,22.87,22.90999984741211,23.18000030517578,22.799999237060547,22.950000762939453,6485002906.0,2968174,Real Estate
VNO,Vornado Realty Trust Common Stock,33.21,33.43000030517578,33.81999969482422,33.20000076293945,33.52000045776367,6200988835.0,1404937,Real Estate
HR,Healthcare Realty Trust Incorporated Common Stock,17.08,17.110000610351562,17.360000610351562,16.989999771118164,17.040000915527344,5853653501.0,6122013,Real Estate
EPRT,Essential Properties Realty Trust Inc. Common Stock,25.64,25.719999313354492,25.8700008392334,25.53499984741211,25.579999923706055,5545239823.0,2403831,Real Estate
RYN,Rayonier Inc. REIT Common Stock,18.01,17.90999984741211,18.139999389648438,17.709999084472656,18.09000015258789,5359186911.0,3607949,Real Estate
LAUR,Laureate Education Inc. Common Stock,38.51,38.220001220703125,38.7400016784668,38.11000061035156,38.25,5304727854.0,1992863,Real Estate
OUT,OUTFRONT Media Inc. Common Stock,28.89,28.93000030517578,29.170000076293945,28.690000534057617,29.06999969482422,5088547401.0,1532732,Real Estate
GHC,Graham Holdings Company Common Stock,1155.36,1160.9100341796875,1165.27001953125,1147.949951171875,1157.6700439453125,4892866414.0,26044,Real Estate
RITM,Rithm Capital Corp. Common Stock,8.74,8.819999694824219,8.84000015258789,8.619999885559082,8.65999984741211,4880477451.0,6917067,Real Estate
SBRA,Sabra Health Care REIT Inc. Common Stock,19.07,19.049999237060547,19.190000534057617,18.899999618530273,19.1200008392334,4871674757.0,3713350,Real Estate
KRG,Kite Realty Group Trust Common Stock,24.13,24.149999618530273,24.440000534057617,24.0,24.1299991607666,4834371493.0,2948114,Real Estate
PECO,Phillips Edison & Company Inc. Common Stock,37.36,37.47999954223633,37.77000045776367,37.11000061035156,37.540000915527344,4808232000.0,1614048,Real Estate
STWD,STARWOOD PROPERTY TRUST INC. Starwood Property Trust Inc.,12.98,13.0600004196167,13.100000381469727,12.770000457763672,12.930000305175781,4804792971.0,7956659,Real Estate
CUZ,Cousins Properties Incorporated Common Stock,27.33,27.469999313354492,27.860000610351562,27.020000457763672,27.65999984741211,4498574245.0,1575848,Real Estate
HHH,Howard Hughes Holdings Inc. Common Stock,71.66,71.93000030517578,74.38999938964844,71.93000030517578,73.27999877929688,4279609440.0,831329,Real Estate
EPR,EPR Properties Common Stock,55.59,55.68000030517578,55.959999084472656,55.18000030517578,55.27000045776367,4258689974.0,779731,Real Estate
CVSA,Covista Inc. Common Shares,125.39,125.63999938964844,127.63999938964844,125.22000122070312,127.37000274658203,4245731481.0,408267,Real Estate
DHCNL,Diversified Healthcare Trust 6.25% Senior Notes Due 2046,17.275,17.25,17.88990020751953,17.25,17.578800201416016,4170433017.0,6055,Real Estate
LOPE,Grand Canyon Education Inc. Common Stock,154.93,154.92999267578125,155.66000366210938,152.97000122070312,155.5500030517578,4038256182.0,347667,Real Estate
COLD,Americold Realty Trust Inc. Common Stock,14.05,14.300000190734863,14.300000190734863,13.800000190734863,13.859999656677246,4011001742.0,4158703,Real Estate
REGCP,Regency Centers Corporation 6.25% Series A Cumulative Redeemable Preferred Stock,21.8549,22.0,22.079999923706055,21.899999618530273,22.020000457763672,4002081243.0,3510,Real Estate
SKT,Tanger Inc. Common Stock,34.59,35.41999816894531,35.41999816894531,34.52000045776367,34.939998626708984,3973664230.0,1190725,Real Estate
DHCNI,Diversified Healthcare Trust 5.625% Senior Notes due 2042,16.35,16.459999084472656,16.780000686645508,16.450000762939453,16.65999984741211,3947124737.0,13033,Real Estate
APLE,Apple Hospitality REIT Inc. Common Shares,16.4,16.450000762939453,16.700000762939453,16.28499984741211,16.329999923706055,3871756247.0,3447207,Real Estate
KRC,Kilroy Realty Corporation Common Stock,33.28,33.33000183105469,34.02000045776367,33.29999923706055,33.900001525878906,3870763121.0,1266360,Real Estate
REGCO,Regency Centers Corporation 5.875% Series B Cumulative Redeemable Preferred Stock,20.685,21.079999923706055,21.079999923706055,20.799999237060547,20.799999237060547,3787848515.0,1005,Real Estate
CDP,COPT Defense Properties Common Shares of Beneficial Interest,33.36,33.47999954223633,33.84000015258789,33.41999816894531,33.68000030517578,3783372879.0,902599,Real Estate
JOE,St. Joe Company (The) Common Stock,66.21,66.56999969482422,66.83000183105469,65.48999786376953,65.9800033569336,3769365161.0,285321,Real Estate
LXP,LXP Industrial Trust Common Stock (Maryland REIT),60.92,60.93000030517578,60.970001220703125,60.93000030517578,60.95000076293945,3591676523.0,941773,Real Estate
BNL,Broadstone Net Lease Inc. Common Stock,18.4,18.43000030517578,18.6299991607666,18.415000915527344,18.6299991607666,3530830666.0,2012493,Real Estate
IRT,Independence Realty Trust Inc. Common Stock,14.72,14.720000267028809,14.930000305175781,14.6899995803833,14.729999542236328,3470160026.0,4479416,Real Estate
SLG,SL Green Realty Corp Common Stock,48.01,48.130001068115234,48.970001220703125,47.7599983215332,48.400001525878906,3401504035.0,705510,Real Estate
CXW,CoreCivic Inc. Common Stock,33.73,33.5,34.25,31.290000915527344,31.780000686645508,3335677384.0,2918267,Real Estate
LRN,Stride Inc. Common Stock,78.88,79.2300033569336,79.80999755859375,77.97000122070312,79.75,3278240574.0,869097,Real Estate
HIW,Highwoods Properties Inc. Common Stock,29.49,29.549999237060547,30.100000381469727,29.440000534057617,29.639999389648438,3252930162.0,1412148,Real Estate
NHI,National Health Investors Inc. Common Stock,65.02,65.1500015258789,65.5999984741211,64.51000213623047,65.54000091552734,3193160419.0,536460,Real Estate
RWTN,Redwood Trust Inc. 9.125% Senior Notes Due 2029,22.62,22.459999084472656,23.200000762939453,21.829999923706055,22.209999084472656,2923034756.0,22668,Real Estate
RWTO,Redwood Trust Inc. 9.00% Senior Notes Due 2029,21.91,21.729999542236328,22.780000686645508,20.989999771118164,21.68000030517578,2831286096.0,6523,Real Estate
DX,Dynex Capital Inc. Common Stock,10.83,10.890000343322754,10.930000305175781,10.729999542236328,10.850000381469727,2687647711.0,8839198,Real Estate
FRMI,Fermi Inc. Common Stock,4.06,4.139999866485596,4.25,4.099999904632568,4.230000019073486,2603514394.0,13343710,Real Estate
MFAO,MFA Financial Inc. 9.000% Senior Notes due 2029,25.17,25.264999389648438,25.264999389648438,25.149999618530273,25.190000534057617,2584171229.0,14753,Real Estate
MFAN,MFA Financial Inc. 8.875% Senior Notes due 2029,25.16,25.149999618530273,25.25,25.100000381469727,25.149999618530273,2583144542.0,14536,Real Estate
DRH,Diamondrock Hospitality Company Common Stock,12.42,12.460000038146973,12.649999618530273,12.329999923706055,12.380000114440918,2541202558.0,3296513,Real Estate
AKR,Acadia Realty Trust Common Stock,18.41,18.440000534057617,18.579999923706055,18.299999237060547,18.389999389648438,2528295412.0,1756121,Real Estate
FCPT,Four Corners Property Trust Inc. Common Stock,21.23,21.229999542236328,21.440000534057617,21.139999389648438,21.299999237060547,2330128499.0,1589609,Real Estate
IVT,InvenTrust Properties Corp. Common Stock,29.76,29.8700008392334,29.979999542236328,29.639999389648438,29.75,2320638107.0,757023,Real Estate
LTC,LTC Properties Inc. Common Stock,42.43,42.45000076293945,42.70000076293945,42.209999084472656,42.439998626708984,2287213038.0,706321,Real Estate
ARR,ARMOUR Residential REIT Inc.,13.53,13.600000381469727,13.670000076293945,13.300000190734863,13.489999771118164,2260827795.0,5049983,Real Estate
ADAMM,Adamas Trust Inc. 7.875% Series E Fixed-to-Floating Rate Cumulative Redeemable Preferred Stock,25.0244,25.100000381469727,25.2450008392334,25.059999465942383,25.059999465942383,2259822086.0,15745,Real Estate
ADAMI,Adamas Trust Inc. 9.125% Senior Notes Due 2029,24.7899,24.84000015258789,24.84000015258789,24.56999969482422,24.809999465942383,2245455483.0,12854,Real Estate
ADAML,Adamas Trust Inc. 6.875% Series F Fixed-to-Floating Rate Cumulative Redeemable Preferred Stock $0.01 par value per share,24.47,24.459999084472656,24.827999114990234,24.190000534057617,24.329999923706055,2209757135.0,20643,Real Estate
PMTU,PennyMac Mortgage Investment Trust 8.50% Senior Notes due 2028,25.185,25.270000457763672,25.420000076293945,25.200000762939453,25.360000610351562,2196191487.0,8005,Real Estate
ADAMN,Adamas Trust Inc. 8.00% Series D Fixed-to-Floating Rate Cumulative Redeemable Preferred Stock,24.0335,24.200000762939453,24.31999969482422,23.510000228881836,23.959999084472656,2170339113.0,6779,Real Estate
PEB,Pebblebrook Hotel Trust Common Shares of Beneficial Interest,19.1,19.290000915527344,19.440000534057617,18.93000030517578,18.979999542236328,2155295876.0,2293039,Real Estate
CIMN,Chimera Investment Corporation 9.000% Senior Notes due 2029,25.07,25.0,25.09000015258789,25.0,25.049999237060547,2018904549.0,27101,Real Estate
MPT,Medical Properties Trust Inc. common stock,3.31,3.309999942779541,3.3399999141693115,3.240000009536743,3.299999952316284,1976732000.0,12540783,Real Estate
PRDO,Perdoceo Education Corporation Common Stock,31.54,31.520000457763672,32.099998474121094,31.43000030517578,32.060001373291016,1973680315.0,648075,Real Estate
UNIT,Uniti Group Inc. Common Stock,7.95,8.029999732971191,8.1899995803833,7.909999847412109,8.100000381469727,1929664823.0,3839310,Real Estate
GNL,Global Net Lease Inc. Common Stock,8.14,8.149999618530273,8.180000305175781,8.085000038146973,8.140000343322754,1882927356.0,3782822,Real Estate
BXMT,Blackstone Mortgage Trust Inc. Common Stock,11.01,11.119999885559082,11.300000190734863,10.920000076293945,11.25,1855664937.0,3851657,Real Estate
DHC,Diversified Healthcare Trust Common Shares of Beneficial Interest,7.54,7.590000152587891,7.670000076293945,7.449999809265137,7.579999923706055,1825652570.0,1641825,Real Estate
SMA,SmartStop Self Storage REIT Inc. Common Stock,32.47,32.790000915527344,33.39500045776367,32.790000915527344,33.130001068115234,1797828280.0,1034319,Real Estate
NTST,NetSTREIT Corp. Common Stock,17.44,17.530000686645508,17.735000610351562,17.5049991607666,17.639999389648438,1770648285.0,1922568,Real Estate
STRA,Strategic Education Inc. Common Stock,79.28,79.68000030517578,79.94999694824219,78.9800033569336,79.81999969482422,1760615278.0,172232,Real Estate
RLJ,RLJ Lodging Trust Common Shares of Beneficial Interest $0.01 par value,11.16,11.229999542236328,11.5,11.149999618530273,11.180000305175781,1700514732.0,2117292,Real Estate
CBL,CBL & Associates Properties Inc. Common Stock,54.21,54.11000061035156,54.11000061035156,49.45000076293945,50.0,1677406857.0,131475,Real Estate
DEI,Douglas Emmett Inc. Common Stock,9.64,9.720000267028809,9.869999885559082,9.649999618530273,9.8100004196167,1614557974.0,2486785,Real Estate
ADAMZ,Adamas Trust Inc. 7.000% Series G Cumulative Redeemable Preferred Stock $0.01 par value per share,16.51,16.75,16.760000228881836,16.62299919128418,16.709999084472656,1490931356.0,13013,Real Estate
UMH,UMH Properties Inc. Common Stock,15.37,15.399999618530273,15.529999732971191,15.34000015258789,15.420000076293945,1312376672.0,579456,Real Estate
AAT,American Assets Trust Inc. Common Stock,21.35,21.459999084472656,21.700000762939453,21.389999389648438,21.5,1310979948.0,337304,Real Estate
ALX,Alexander's Inc. Common Stock,245.23,247.4499969482422,247.52999877929688,243.8699951171875,245.49000549316406,1252460727.0,34496,Real Estate
SCCD,Sachem Capital Corp. 6.00% Notes due 2026,24.77,24.770000457763672,24.770000457763672,24.770000457763672,24.770000457763672,1172668474.0,337,Real Estate
SCCG,Sachem Capital Corp. 8.00% Notes due 2027,24.67,24.687999725341797,24.700000762939453,24.610000610351562,24.610000610351562,1167934245.0,943,Real Estate
SCCF,Sachem Capital Corp. 7.125% Notes due 2027,24.5294,24.648000717163086,24.648000717163086,24.56999969482422,24.56999969482422,1161277919.0,1975,Real Estate
SCCE,Sachem Capital Corp. 6.00% Notes due 2027,24.46,24.65999984741211,24.65999984741211,24.549999237060547,24.549999237060547,1157992364.0,3078,Real Estate
NHP,National Healthcare Properties Inc. Class A Common Stock,15.87,15.949999809265137,15.949999809265137,15.510000228881836,15.65999984741211,1157000382.0,931805,Real Estate
PDM,Piedmont Realty Trust Inc. Class A Common Stock,8.96,8.989999771118164,9.170000076293945,8.979999542236328,9.029999732971191,1121190112.0,1085047,Real Estate
DEA,Easterly Government Properties Inc. Common Stock,22.95,23.059999465942383,23.299999237060547,22.95400047302246,23.270000457763672,1086031110.0,544063,Real Estate
LADR,Ladder Capital Corp Class A Common Stock,8.52,8.59000015258789,8.739999771118164,8.5600004196167,8.680000305175781,1080892382.0,1490376,Real Estate
UTI,Universal Technical Institute Inc Common Stock,19.17,19.280000686645508,19.709999084472656,19.040000915527344,19.670000076293945,1056175578.0,1589785,Real Estate
ORC,Orchid Island Capital Inc. Common Stock,5.05,5.070000171661377,5.130000114440918,4.96999979019165,5.070000171661377,1007997362.0,7878833,Real Estate
GOODN,Gladstone Commercial Corporation 6.625% Series E Cumulative Redeemable Preferred Stock,20.06,20.06999969482422,20.850000381469727,20.06999969482422,20.375,971054470.0,4957,Real Estate
CSR,D/B/A Centerspace Common Stock,55.18,55.40999984741211,56.099998474121094,55.29999923706055,55.45000076293945,926701252.0,272732,Real Estate
GOODO,Gladstone Commercial Corporation 6.00% Series G Cumulative Redeemable Preferred Stock par value $0.001 per share,18.335,18.280000686645508,18.329999923706055,18.229999542236328,18.329999923706055,887551531.0,7855,Real Estate
PXED,Phoenix Education Partners Inc. Common Stock,24.51,24.68000030517578,25.360000610351562,24.540000915527344,25.239999771118164,883521186.0,91168,Real Estate
LANDP,Gladstone Land Corporation 6.00% Series C Cumulative Redeemable Preferred Stock,20.07,20.139999389648438,20.139999389648438,19.940000534057617,20.010000228881836,865751020.0,25488,Real Estate
LANDO,Gladstone Land Corporation 6.00% Series B Cumulative Redeemable Preferred Stock,19.96,19.950000762939453,19.950000762939453,19.799999237060547,19.905000686645508,861005997.0,18568,Real Estate
SAFE,Safehold Inc. New Common Stock ,11.9,11.979999542236328,12.15999984741211,11.979999542236328,12.100000381469727,842713732.0,855595,Real Estate
SVC,Service Properties Trust Common Shares of Beneficial Interest,6.38,6.389999866485596,6.699999809265137,6.369999885559082,6.489999771118164,826270533.0,1258238,Real Estate
APEI,American Public Education Inc. Common Stock,44.41,44.619998931884766,46.29999923706055,44.15999984741211,46.220001220703125,812771525.0,207450,Real Estate
JBGS,JBG SMITH Properties Common Shares ,10.83,10.9399995803833,11.0649995803833,10.800000190734863,10.859999656677246,808117792.0,1277577,Real Estate
ARI,Apollo Commercial Real Estate Finance Inc,6.23,6.239999771118164,6.289999961853027,6.190000057220459,6.25,798761339.0,4119100,Real Estate
CIM,Chimera Investment Corporation Common Stock,9.18,9.210000038146973,9.279999732971191,9.109999656677246,9.199999809265137,768474489.0,1853874,Real Estate
CTO,CTO Realty Growth Inc. Common Stock,20.29,20.290000915527344,20.600000381469727,20.25,20.530000686645508,760579862.0,307987,Real Estate
MITN,TPG Mortgage Investment Trust Inc. 9.500% Senior Notes due 2029,25.25,25.219999313354492,25.219999313354492,25.049999237060547,25.200000762939453,744697846.0,21806,Real Estate
MITP,TPG Mortgage Investment Trust Inc. 9.500% Senior Notes due 2029,25.23,25.249000549316406,25.280000686645508,25.059999465942383,25.18000030517578,744107986.0,15535,Real Estate
MFA,MFA Financial Inc.,7.35,7.349999904632568,7.389999866485596,7.230000019073486,7.28000020980835,742996344.0,3188918,Real Estate
BFS,Saul Centers Inc. Common Stock,29.55,29.790000915527344,30.020000457763672,29.479999542236328,29.899999618530273,730390335.0,157421,Real Estate
ESRT,Empire State Realty Trust Inc. Class A Common Stock,4.23,4.300000190734863,4.460000038146973,4.300000190734863,4.429999828338623,728260670.0,7444315,Real Estate
LINC,Lincoln Educational Services Corporation Common Stock,22.2,22.110000610351562,22.790000915527344,21.889999389648438,22.739999771118164,704216834.0,778487,Real Estate
ADAM,Adamas Trust Inc. Common Stock,7.72,7.769999980926514,7.820000171661377,7.659999847412109,7.71999979019165,697152639.0,1328815,Real Estate
PMT,PennyMac Mortgage Investment Trust Common Shares of Beneficial Interest,7.87,7.940000057220459,8.029999732971191,7.820000171661377,8.029999732971191,686282589.0,2913862,Real Estate
PSTL,Postal Realty Trust Inc. Class A Common Stock,22.38,22.420000076293945,22.889999389648438,22.343000411987305,22.690000534057617,676969778.0,307250,Real Estate
ABR,Arbor Realty Trust Common Stock,3.47,3.509999990463257,3.5899999141693115,3.450000047683716,3.490000009536743,647356409.0,8134944,Real Estate
INN,Summit Hotel Properties Inc. Common Stock,5.99,6.03000020980835,6.119999885559082,5.940000057220459,5.989999771118164,646042243.0,980090,Real Estate
CLDT,Chatham Lodging Trust (REIT) Common Shares of Beneficial Interest,13.72,13.819999694824219,14.050000190734863,13.609999656677246,13.710000038146973,638880224.0,283651,Real Estate
GOOD,Gladstone Commercial Corporation Real Estate Investment Trust,12.79,12.770000457763672,12.890000343322754,12.6899995803833,12.710000038146973,619131938.0,704039,Real Estate
IVR,INVESCO MORTGAGE CAPITAL INC Common Stock,5.7,5.730000019073486,5.78000020980835,5.650000095367432,5.71999979019165,613550377.0,3761754,Real Estate
UHT,Universal Health Realty Income Trust Common Stock,36.92,37.060001373291016,37.529998779296875,36.70000076293945,37.41999816894531,513139413.0,245964,Real Estate
FBRT,Franklin BSP Realty Trust Inc. Common Stock,6.17,6.21999979019165,6.289999961853027,6.079999923706055,6.139999866485596,512390217.0,1716161,Real Estate
FPI,Farmland Partners Inc. Common Stock,11.15,11.15999984741211,11.229999542236328,10.720000267028809,10.739999771118164,486482550.0,1058358,Real Estate
OLP,One Liberty Properties Inc. Common Stock,21.92,22.06999969482422,22.31999969482422,22.040000915527344,22.110000610351562,478404526.0,98779,Real Estate
BRSP,BrightSpire Capital Inc. Class A Common Stock,3.77,3.799999952316284,3.799999952316284,3.740000009536743,3.7899999618530273,476996159.0,1861853,Real Estate
BDN,Brandywine Realty Trust Common Stock,2.73,2.7300000190734863,2.7799999713897705,2.7300000190734863,2.75,476594929.0,1526180,Real Estate
NXRT,NexPoint Residential Trust Inc. Common Stock,18.61,18.889999389648438,20.219999313354492,18.65999984741211,20.18000030517578,475482020.0,781703,Real Estate
ILPT,Industrial Logistics Properties Trust Common Shares of Beneficial Interest,7.11,7.159999847412109,7.28000020980835,7.150000095367432,7.195000171661377,474563214.0,317126,Real Estate
TRTX,TPG RE Finance Trust Inc. Common Stock,6.02,6.070000171661377,6.150000095367432,6.025000095367432,6.050000190734863,462149434.0,1368742,Real Estate
XRN,Chiron Real Estate Inc. Common Stock,33.81,33.75,34.47999954223633,33.75,34.279998779296875,447571032.0,127659,Real Estate
RWT,Redwood Trust Inc. Common Stock,3.44,3.490000009536743,3.5299999713897705,3.430000066757202,3.440000057220459,432106766.0,2749245,Real Estate
LAND,Gladstone Land Corporation Common Stock,9.68,9.680000305175781,9.84000015258789,9.600000381469727,9.65999984741211,417562027.0,553998,Real Estate
TCI,Transcontinental Realty Investors Inc. Common Stock,45.46,44.5,45.93000030517578,44.5,45.119998931884766,398864449.0,18274,Real Estate
FVR,FrontView REIT Inc. Common Stock,16.2,16.280000686645508,16.739999771118164,16.1200008392334,16.40999984741211,396186439.0,235070,Real Estate
CHCT,Community Healthcare Trust Incorporated Common Stock,13.36,13.399999618530273,13.640000343322754,13.399999618530273,13.630000114440918,382815329.0,593945,Real Estate
KREF,KKR Real Estate Finance Trust Inc. Common Stock,6.08,6.079999923706055,6.269999980926514,6.025000095367432,6.260000228881836,356153924.0,810400,Real Estate
PINE,Alpine Income Property Trust Inc. Common Stock,17.55,17.549999237060547,17.850000381469727,17.549999237060547,17.75,314766393.0,164355,Real Estate
NREF,NexPoint Real Estate Finance Inc. Common Stock,15.47,15.40999984741211,15.869999885559082,15.40999984741211,15.460000038146973,291579009.0,53167,Real Estate
NXDT,NexPoint Diversified Real Estate Trust Common Stock,5.16,5.230000019073486,5.360000133514404,5.139999866485596,5.179999828338623,274027099.0,139470,Real Estate
AIV,Apartment Investment and Management Company Common Stock,1.88,1.8799999952316284,1.909999966621399,1.8700000047683716,1.8700000047683716,273045368.0,1928525,Real Estate
REFI,Chicago Atlantic Real Estate Finance Inc. Common Stock,9.81,9.859999656677246,9.920000076293945,9.788999557495117,9.800000190734863,251343442.0,237816,Real Estate
BRT,BRT Apartments Corp. (MD) Common Stock,13.29,13.329999923706055,13.739999771118164,13.329999923706055,13.640000343322754,249762651.0,89112,Real Estate
ACRE,Ares Commercial Real Estate Corporation Common Stock,3.7,3.700000047683716,3.799999952316284,3.700000047683716,3.75,205280118.0,1084748,Real Estate
STRW,Strawberry Fields REIT Inc. Common Stock,12.97,13.039999961853027,13.300000190734863,12.970000267028809,13.100000381469727,183620648.0,41443,Real Estate
RC,Ready Capital Corporation Common Stock,1.1,1.1299999952316284,1.159999966621399,1.100000023841858,1.1200000047683716,181710091.0,1628729,Real Estate
MITT,TPG Mortgage Investment Trust Inc. Common Stock,5.63,5.659999847412109,5.739999771118164,5.610000133514404,5.670000076293945,179053564.0,434889,Real Estate
SITC,SITE Centers Corp. Common Stock,3.24,3.2300000190734863,3.4100000858306885,3.184999942779541,3.200000047683716,170020098.0,1521262,Real Estate
ELME,Elme Communities Common Stock,1.75,1.75,1.7599999904632568,1.75,1.75,155501295.0,2991775,Real Estate
SEVN,Seven Hills Realty Trust Common Stock,6.84,6.840000152587891,6.949999809265137,6.769999980926514,6.900000095367432,154971185.0,304107,Real Estate
NLOP,Net Lease Office Properties Common Shares of Beneficial Interest,9.57,9.569999694824219,9.710000038146973,9.569999694824219,9.65999984741211,141770698.0,206723,Real Estate
EARN,Ellington Credit Company Common Shares of Beneficial Interest,3.66,3.700000047683716,3.7699999809265137,3.4200000762939453,3.569999933242798,137466654.0,1008636,Real Estate
NEN,New England Realty Associates Limited Partnership Class A Depositary Receipts Evidencing Units of Limited Partnership,49.01,48.0099983215332,49.75,48.0099983215332,49.75,135966189.0,69,Real Estate
ONL,Orion Properties Inc. Common Stock,2.36,2.390000104904175,2.4049999713897705,2.325000047683716,2.3299999237060547,134625525.0,342814,Real Estate
AXR,AMREP Corporation Common Stock,21.18,20.989999771118164,21.139999389648438,20.6299991607666,21.139999389648438,112780302.0,6031,Real Estate
BHR,Braemar Hotels & Resorts Inc. Common Stock,1.55,1.5499999523162842,1.559999942779541,1.5199999809265137,1.5199999809265137,106452943.0,420293,Real Estate
STHO,Star Holdings Shares of Beneficial Interest,8.77,8.789999961853027,8.890000343322754,8.635000228881836,8.800000190734863,105953290.0,95987,Real Estate
NRDY,Nerdy Inc. Class A Common Stock,6.89,6.960000038146973,6.960000038146973,6.644999980926514,6.75,88012812.0,16721,Real Estate
RPT,Rithm Property Trust Inc. Common stock,10.95,10.9399995803833,10.960000038146973,10.850000381469727,10.850000381469727,85109576.0,24409,Real Estate
MAYS,J. W. Mays Inc. Common Stock,40.1,40.099998474121094,40.099998474121094,40.099998474121094,40.099998474121094,80832778.0,362,Real Estate
SUNS,Sunrise Realty Trust Inc. Common Stock,5.94,6.0,6.090000152587891,5.769999980926514,5.940000057220459,80284155.0,123577,Real Estate
CHGG,Chegg Inc. Common Stock,0.7204,0.75,0.75,0.699999988079071,0.7099999785423279,79984198.0,402879,Real Estate
ACR,ACRES Commercial Realty Corp. Common Stock,10.29,10.369999885559082,10.569999694824219,10.09000015258789,10.300000190734863,76953374.0,39204,Real Estate
IOR,Income Opportunity Realty Investors Inc. Common Stock,17.0,17.3700008392334,17.3700008392334,17.3700008392334,17.3700008392334,69125026.0,93,Real Estate
INTG,Intergroup Corporation (The) Common Stock,28.245,29.829999923706055,29.829999923706055,28.510000228881836,28.790000915527344,60693195.0,36490,Real Estate
IH,iHuman Inc. American depositary shares each representing five Class A ordinary shares,1.15,1.1399999856948853,1.1399999856948853,1.1399999856948853,1.1399999856948853,58779791.0,1349,Real Estate
SELF,Global Self Storage Inc. Common Stock,4.9,4.869999885559082,4.940000057220459,4.869999885559082,4.900000095367432,55964958.0,46539,Real Estate
CLPR,Clipper Realty Inc. Common Stock,3.14,3.130000114440918,3.234999895095825,3.119999885559082,3.1500000953674316,50734757.0,40937,Real Estate
WHLRD,Wheeler Real Estate Investment Trust Inc. Series D Cumulative Preferred Stock,36.26,36.5,36.5,36.4900016784668,36.5,47796010.0,2,Real Estate
LOAN,Manhattan Bridge Capital Inc,3.87,3.950000047683716,3.950000047683716,3.8499999046325684,3.859999895095825,44216720.0,29672,Real Estate
SACH,Sachem Capital Corp. Common Shares,0.9,0.9079999923706055,0.9200000166893005,0.8690000176429749,0.8799999952316284,43159169.0,71116,Real Estate
GPMT,Granite Point Mortgage Trust Inc. Common Stock,0.7431,7.434999942779541,7.610000133514404,7.110000133514404,7.599999904632568,35816057.0,334865,Real Estate
FSP,Franklin Street Properties Corp. Common Stock,0.3033,0.30000001192092896,0.3100000023841858,0.30000001192092896,0.3100000023841858,31546751.0,1260265,Real Estate
LFT,Lument Finance Trust Inc. Common Stock,4.97,5.139999866485596,5.179999828338623,4.980000019073486,5.090000152587891,26085607.0,22569,Real Estate
MDRR,Medalist Diversified Inc. Common Stock,10.08,10.079999923706055,10.079999923706055,10.079999923706055,10.079999923706055,16415280.0,694,Real Estate
WHLRP,Wheeler Real Estate Investment Trust Inc. Class B Preferred Stock,11.74,11.9399995803833,13.979999542236328,11.9399995803833,13.09000015258789,15475046.0,32128,Real Estate
CMCT,Creative Media & Community Trust Corporation Common stock,4.66,4.550000190734863,4.550000190734863,3.5,3.6700000762939453,14992129.0,157228,Real Estate
IHT,InnSuites Hospitality Trust Shares of Beneficial Interest,1.31,1.2899999618530273,1.3300000429153442,1.159999966621399,1.2000000476837158,14704185.0,4347,Real Estate
AHT,Ashford Hospitality Trust Inc Common Stock,2.25,2.2699999809265137,2.2699999809265137,2.2100000381469727,2.2200000286102295,14557082.0,17086,Real Estate
GYRO,Gyrodyne LLC Common Stock,4.5001,4.659999847412109,4.769999980926514,4.659999847412109,4.699999809265137,9897106.0,620,Real Estate
SQFTP,Presidio Property Trust Inc. 9.375% Series D Cumulative Redeemable Perpetual Preferred Stock $0.01 par value per share,6.425,6.329999923706055,6.329999923706055,6.329999923706055,6.329999923706055,9216226.0,2308,Real Estate
EEIQ,EpicQuest Education Group International Limited Common Stock,5.07,5.114999771118164,5.170000076293945,4.711999893188477,4.989999771118164,8348379.0,5407,Real Estate
ZNB,Zeta Network Group Class A Ordinary Shares,1.25,1.1399999856948853,1.25,1.1299999952316284,1.159999966621399,4593815.0,833195,Real Estate
BOXL,Boxlight Corporation Class A Common Stock,4.61,4.46999979019165,4.800000190734863,3.2899999618530273,3.5999999046325684,3893348.0,22327,Real Estate
MKZR,MacKenzie Realty Capital Inc. Common Stock,1.35,1.3630000352859497,1.3799999952316284,1.3509999513626099,1.3799999952316284,3745829.0,4460,Real Estate
GIPR,Generation Income Properties Inc. Common Stock,0.4184,0.382999986410141,0.3919999897480011,0.36000001430511475,0.38100001215934753,2975870.0,1369900,Real Estate
PW,Power REIT (MD) Common Stock,7.15,7.150000095367432,7.480000019073486,6.96999979019165,7.010000228881836,2624908.0,28242,Real Estate
KIDZ,KIDZ AI Inc. Class B Common Stock,2.38,2.3450000286102295,2.359999895095825,2.299999952316284,2.3299999237060547,2048411.0,49575,Real Estate
SQFT,Presidio Property Trust Inc. Class A Common Stock,1.13,1.1200000047683716,1.1399999856948853,0.9399999976158142,0.9399999976158142,1620908.0,27578,Real Estate
WHLR,Wheeler Real Estate Investment Trust Inc. Common Stock,1.09,1.159999966621399,1.350000023841858,0.8399999737739563,0.9100000262260437,1436780.0,6254539,Real Estate
SQFTW,Presidio Property Trust Inc. Series A Common Stock Purchase Warrants,0.0105,0.03700000047683716,0.010499999858438969,0.010499999858438969,0.010499999858438969,15062.0,6548,Real Estate
KIDZW,KIDZ AI Inc. Warrants,0.0065,0.07010000199079514,0.009999999776482582,0.008799999952316284,0.009999999776482582,5594.0,21603,Real Estate
ADAMG,Adamas Trust Inc. 9.125% Senior Notes Due 2030,24.62,24.6299991607666,24.6299991607666,24.40999984741211,24.57900047302246,0.0,23165,Real Estate
ADAMH,Adamas Trust Inc. 9.875% Senior Notes Due 2030,25.06,25.110000610351562,25.110000610351562,24.950000762939453,25.030000686645508,0.0,35863,Real Estate
ADAMK,Adamas Trust Inc. 9.600% Senior Notes Due 2031 ,24.72,24.760000228881836,24.829999923706055,24.649999618530273,24.829999923706055,0.0,37457,Real Estate
ADAMO,Adamas Trust Inc. 9.250% Senior Notes Due 2031,24.195,24.34000015258789,24.479999542236328,24.104999542236328,24.350000381469727,0.0,67060,Real Estate
CIMO,Chimera Investment Corporation 9.250% Senior Notes due 2029,25.17,25.149999618530273,25.299999237060547,25.149999618530273,25.170000076293945,0.0,10872,Real Estate
CIMP,Chimera Investment Corporation 8.875% Senior Notes due 2030,24.91,24.850000381469727,25.010000228881836,24.81999969482422,25.010000228881836,0.0,26635,Real Estate
ELLA,Ellington Credit Company 8.50% Notes due 2031,25.075,25.020000457763672,25.030000686645508,25.0,25.020000457763672,0.0,17489,Real Estate
PMTV,PennyMac Mortgage Investment Trust 9.00% Senior Notes due 2030,25.18,25.329999923706055,25.329999923706055,25.059999465942383,25.1200008392334,0.0,49608,Real Estate
PMTW,PennyMac Mortgage Investment Trust 9.00% Senior Notes due 2030,25.11,25.110000610351562,25.110000610351562,25.020000457763672,25.049999237060547,0.0,18963,Real Estate
RCD,Ready Capital Corporation 9.00% Senior Notes due 2029,22.68,22.6200008392334,22.639999389648438,22.56999969482422,22.6200008392334,0.0,19026,Real Estate
RWTP,Redwood Trust Inc. 9.125% Senior Notes Due 2030,22.2,21.260000228881836,21.440000534057617,20.700000762939453,21.39900016784668,0.0,2842,Real Estate
RWTQ,Redwood Trust Inc. 9.500% Senior Notes Due 2030,20.94,20.8700008392334,20.8700008392334,20.43000030517578,20.520000457763672,0.0,19687,Real Estate
RWTS,Redwood Trust Inc. 9.75% Senior Notes Due 2031,20.905,20.969999313354492,20.969999313354492,20.06999969482422,20.84000015258789,0.0,50267,Real Estate
